Data Export Generated on Wed Jan 14 08:53:53 PST 2026,,,,,,,,,,,,,,,,,,,,,,,,,,,
Survey ID 12435362,,,,,,,,,,,,,,,,,,,,,,,,,,,
Dashboard Name My Dashboard,,,,,,,,,,,,,,,,,,,,,,,,,,,
Response ID,Response Status,IP Address,Timestamp (mm/dd/yyyy),Duplicate,Time Taken to Complete (Seconds),Seq. Number,External Reference,shift,lift,tift,biffed,Custom Variable 5,Respondent Email,Email List,Country Code,Region,What is the date of the shift you are reporting for?,Please choose the day of the week.,Please enter the time slot.,Approximately how many times did you help a student during your shift?,How many CS 149 students?,How many CS 159 Students?,How many CS 227 Students?,How many CS 240 Students?,How many CS 261 Students?,Comment on how long TAs generally spent with a given student during your shift.,What were the most common problems being addressed. Ideally these would be prefaced with the course number.
195881539,Completed,134.126.141.39,8/25/25 15:08,0,3396,1,,,,,,,,,US,VA,8/25/25,Monday,5-7 pm,2,2,0,0,0,0,15-30 minutes,understanding 149 Homework 1.4 
195884070,Completed,134.126.141.39,8/25/25 16:59,0,6609,1,,,,,,,,,US,VA,8/25/25,Monday,7-9 pm,1,1,0,0,0,0,,CS 149: Print functionality and textbook grading questions 
195917011,Completed,134.126.141.39,8/26/25 15:07,0,374,1,,,,,,,,,US,VA,8/26/25,Tuesday,5-7 pm,7,3,0,0,4,0,Generally good amount of time 5-15 minutes,"149 - input argument, virtual environment setup with ruff, 240 - setting up testing with junit"
195922446,Completed,2605:ad80:2f:a822:99a9:bb83:12ba:d49a,8/26/25 18:59,0,1677,1,,,,,,,,,US,VA,8/26/25,Tuesday,9-11 pm,0,0,0,0,0,0,,
195944219,Completed,73.152.182.199,8/27/25 09:39,0,52,1,,,,,,,,,US,VA,8/26/25,Tuesday,7-9 pm,4,1,0,0,3,0,10 mins,Cs240- iterators
195954101,Completed,134.126.141.39,8/27/25 15:08,0,1729,1,,,,,,,,,US,VA,8/27/25,Wednesday,5-7 pm,3,1,1,0,0,0,between 5-15 minutes,149 was a gradescope formatting issue and 159 was about returning a boolean value without an if statement (they hadn't learned it in class yet)
195960954,Completed,134.126.141.39,8/27/25 16:58,0,6457,1,,,,,,,,,US,VA,8/27/25,Wednesday,7-9 pm,9,9,0,0,0,0,,149: Using two print statements and getting the second print statements output on the same line as the first print (end parameter for print function) 149: explaining what variables are (use visual tools for these) 149: printing variables (esp. why not to use '' around the variable names in print) 149: understanding what docstrings are 
195962950,Completed,204.111.113.108,8/27/25 19:03,0,101,1,,,,,,,,,US,VA,8/27/25,Wednesday,9-11 pm,1,1,0,0,0,0,20 minutes,149 - Fixing SyntaxErrors
195990469,Completed,134.126.141.39,8/28/25 14:58,0,717,1,,,,,,,,,US,VA,8/28/25,Thursday,5-7 pm,1,0,0,0,1,0,2 minutes,Inner class (iterator definition); student wrote code that was floating in attribute area and not in the body of a method.
195992585,Completed,134.126.141.39,8/28/25 16:56,0,66,1,,,,,,,,,US,VA,8/28/25,Thursday,7-9 pm,0,0,0,0,0,0,0 minutes,N/A
195994259,Completed,2605:ad80:2f:a822:9c15:ac5:dd0c:51aa,8/28/25 18:45,0,47,1,,,,,,,,,US,VA,8/28/25,Thursday,9-11 pm,0,0,0,0,0,0,0 minutes,n/a
196044393,Completed,134.126.141.39,8/31/25 13:02,0,420,1,,,,,,,,,US,VA,8/31/25,Sunday,3-5 pm Sunday only,1,1,0,0,0,0,Longer than usually ~15 minutes,149 - Understanding gradescope errors message and style guides
196045219,Completed,134.126.141.39,8/31/25 14:59,0,31,1,,,,,,,,,US,VA,8/31/25,Sunday,5-7 pm,0,0,0,0,0,0,0 minutes,n/a
196046095,Completed,134.126.141.39,8/31/25 16:57,0,7231,1,,,,,,,,,US,VA,8/31/25,Sunday,7-9 pm,0,0,0,0,0,0,,
196048048,Completed,134.126.113.98,8/31/25 21:35,0,28,1,,,,,,,,,US,VA,8/31/25,Sunday,9-11 pm,0,0,0,0,0,0,na,na
196074416,Completed,134.126.141.39,9/1/25 14:59,0,196,1,,,,,,,,,US,VA,9/1/25,Monday,5-7 pm,2,2,0,0,0,0,under 15 minutes,"One student had a formatting issue with a 149 lab, the other student was trying to understand how to print more than one decimal place for a float number in python for a homework assignment,"
196076605,Completed,134.126.141.39,9/1/25 16:51,0,7097,1,,,,,,,,,US,VA,9/1/25,Monday,7-9 pm,0,0,0,0,0,0,,
196102574,Completed,134.126.113.89,9/2/25 14:59,0,79,1,,,,,,,,,US,VA,9/2/25,Tuesday,5-7 pm,0,0,0,0,0,0,,
196104596,Completed,134.126.113.96,9/2/25 16:59,0,36,1,,,,,,,,,US,VA,9/2/25,Tuesday,7-9 pm,0,0,0,0,0,0,0 mins,None
196106777,Completed,2605:ad80:2f:a822:c1f:4f5:e384:7faa,9/2/25 18:51,0,716,1,,,,,,,,,US,VA,9/2/25,Tuesday,9-11 pm,0,0,0,0,0,0,,
196138203,Completed,134.126.141.39,9/3/25 15:14,0,189,1,,,,,,,,,US,VA,9/3/25,Wednesday,5-7 pm,5,5,0,0,0,0,less than 15 minutes ,"Lots of gradescope issues, either with the tests on gradescope not being correct or the student had incorrect ouput."
196139563,Completed,134.126.141.39,9/3/25 17:00,0,2264,1,,,,,,,,,US,VA,9/3/25,Wednesday,7-9 pm,3,4,0,0,3,0,15-25 min,240: issues with time complexity & iterators 149: issues with gradescope (different professors having different specifications/testers) & various gradescope issues 
196163915,Completed,134.126.141.39,9/4/25 15:12,0,923,1,,,,,,,,,US,VA,9/4/25,Thursday,5-7 pm,1,1,1,0,1,0,~15 minutes,149: Gradescope style issues (separate from ruff issues). 159: Strange errors with Java in VSCode. 240: Explaining how to look at code and come up with a general analysis of runtime from code.
196165199,Completed,134.126.141.39,9/4/25 17:01,0,115,1,,,,,,,,,US,VA,9/4/25,Thursday,7-9 pm,1,0,0,0,1,0,Barely 5 minutes.,Explaining time complexity
196166395,Completed,73.152.182.199,9/4/25 19:00,0,632,1,,,,,,,,,US,VA,9/4/25,Thursday,9-11 pm,0,0,0,0,0,0,0,None
196212481,Completed,134.126.141.39,9/7/25 13:01,0,751,1,,,,,,,,,US,VA,9/7/25,Sunday,3-5 pm Sunday only,0,0,0,0,0,0,N/A,N/A
196213196,Completed,134.126.141.39,9/7/25 14:59,0,119,1,,,,,,,,,US,VA,9/7/25,Sunday,5-7 pm,0,0,0,0,0,0,0 minutes,n/a :(
196213919,Completed,134.126.141.39,9/7/25 16:59,0,131,1,,,,,,,,,US,VA,9/7/25,Sunday,7-9 pm,0,0,0,0,0,0,0 minutes,n/a :(
196214819,Completed,134.126.113.98,9/7/25 19:01,0,26,1,,,,,,,,,US,VA,9/7/25,Sunday,9-11 pm,0,0,0,0,0,0,NA,NA
196239217,Completed,134.126.141.39,9/8/25 14:58,0,2,1,,,,,,,,,US,VA,9/8/25,Monday,5-7 pm,0,0,0,0,0,0,N/A,N/A
196241087,Completed,134.126.141.39,9/8/25 16:59,0,6669,1,,,,,,,,,US,VA,9/8/25,Monday,7-9 pm,2,0,0,0,2,0,One TA traded off with me and spent majority of his shift working with one person,CS 240: Remove methods and iterators lab
196279671,Completed,134.126.113.89,9/9/25 14:59,0,288,1,,,,,,,,,US,VA,9/9/25,Tuesday,5-7 pm,2,1,0,0,0,1,10 minutes,
196282226,Completed,134.126.141.39,9/9/25 17:09,0,198,1,,,,,,,,,US,VA,9/9/25,Tuesday,7-9 pm,7,5,0,0,0,2,15-30 mins,"149 - if conditions, general python syntax 261 - saving file != compiling and getopt() usage"
196311187,Completed,2605:ad80:2f:a822:2013:9a1b:89fd:6b2e,9/9/25 18:53,0,596,1,,,,,,,,,US,VA,9/9/25,Tuesday,9-11 pm,0,0,0,0,0,0,,
196382395,Completed,134.126.141.39,9/10/25 15:23,0,238,1,,,,,,,,,US,VA,9/10/25,Wednesday,5-7 pm,4,3,0,0,0,1,between 5 minutes and 30+,"One 149 student came in for quiz help/review, another 149 student was having an issue with gradescope formatting, a 261 student needed help with understanding Input and getopt stuff :D"
196424254,Completed,134.126.141.39,9/10/25 17:00,0,3097,1,,,,,,,,,US,VA,9/10/25,Wednesday,7-9 pm,8,8,0,0,0,0,it's either 15-20 mins or an hour,"149: Gradescope issues, variable nuances (knowing it can be used everywhere)"
196493090,Completed,134.126.141.39,9/11/25 15:04,0,193,1,,,,,,,,,US,VA,9/11/25,Thursday,5-7 pm,3,1,1,0,0,1,20 minutes,149: Docstrings on functions and splitting large functions into more 'atomic' functions that handle a specific task 159: CodingBat 261: Issues related to getopt as well as asking about gdb.
196496985,Completed,134.126.141.39,9/11/25 17:00,0,82,1,,,,,,,,,US,VA,9/11/25,Thursday,7-9 pm,2,2,0,0,0,2,~10-15 min,"gdb & uninitialized memory (261), gradescope reading errors (149)"
196500117,Completed,73.152.182.199,9/11/25 19:00,0,21,1,,,,,,,,,US,VA,9/11/25,Thursday,9-11 pm,0,0,0,0,0,0,0,None
196568307,Completed,134.126.141.39,9/14/25 13:00,0,269,1,,,,,,,,,US,VA,9/14/25,Sunday,3-5 pm Sunday only,1,1,0,0,0,0,Longer than usually ~15 minutes,149 - Understanding docstrings requirements for functions
196569592,Completed,134.126.141.39,9/14/25 14:58,0,610,1,,,,,,,,,US,VA,9/14/25,Sunday,5-7 pm,0,0,0,0,0,0,0 minutes,n/a
196571060,Completed,134.126.141.39,9/14/25 17:00,0,2,1,,,,,,,,,US,VA,9/14/25,Sunday,7-9 pm,1,0,0,0,1,0,5 minutes,240 - Running Java code through VSCode w/ args
196572597,Completed,134.126.113.98,9/14/25 18:58,0,187,1,,,,,,,,,US,VA,9/14/25,Sunday,9-11 pm,0,0,0,0,0,0,no one here :(,NA
196605838,Completed,134.126.141.39,9/15/25 15:01,0,670,1,,,,,,,,,US,VA,9/15/25,Monday,5-7 pm,3,2,0,0,0,1,15-20 minutes or so,261 was about understanding where the magic number in p1 came from. 149 was doc strings and understanding mod and floor division.
196609028,Completed,134.126.141.39,9/15/25 17:00,0,7097,1,,,,,,,,,US,VA,9/15/25,Monday,7-9 pm,8,8,0,0,0,0,30-40 mins,"149: understanding what to do for homeworks and how to even get started, they are very confused about functions "
196651443,Completed,134.126.113.89,9/16/25 15:00,0,42,1,,,,,,,,,US,VA,9/16/25,Tuesday,5-7 pm,3,3,0,0,0,0,10 minutes,
196655709,Completed,134.126.141.39,9/16/25 17:15,0,145,1,,,,,,,,,US,VA,9/16/25,Tuesday,7-9 pm,5,4,0,0,0,1,15 - 30 mins,"149 - Python syntax, indexing into arrays with variables, and padding/formatting strings using f-strings 261 - reading an elf_hdr_t data from a FILE into allocated memory"
196658465,Completed,2605:ad80:2f:a822:bd02:89bb:7a74:5265,9/16/25 19:05,0,126,1,,,,,,,,,US,VA,9/16/25,Tuesday,9-11 pm,3,2,0,0,0,0,,"149: understanding how to do the last part of the hw without using indexing, and return statements with multiple variables"
196706344,Completed,134.126.141.39,9/17/25 15:13,0,1995,1,,,,,,,,,US,VA,9/17/25,Wednesday,5-7 pm,3,3,0,0,0,0,15-30 minutes,"149 a student was told to come to lab hours to get help on an in class lab that they missed, another student was failing gradescope because they were using input() in there main, another 149 student needed help understanding what a tuple was."
196709145,Completed,134.126.141.39,9/17/25 16:52,0,5667,1,,,,,,,,,US,VA,9/17/25,Wednesday,7-9 pm,12,8,1,0,2,1,15-30 mins,"149: understanding the math needed for the hw problems, knowing when to use the things they learned in class (%, or other topics) 240: remove method for linked list 261: optind understanding that the last index was wrong"
196746070,Completed,134.126.141.39,9/18/25 14:58,0,137,1,,,,,,,,,US,VA,9/18/25,Thursday,5-7 pm,0,1,0,0,0,0,5-10 minutes,"149, didn't understand passing arguments to a function"
196748239,Completed,134.126.141.39,9/18/25 16:56,0,65,1,,,,,,,,,US,VA,9/18/25,Thursday,7-9 pm,1,0,0,0,0,1,5 minutes,261: Understanding argument requirements and getopt syntax.
196752548,Completed,73.152.182.199,9/18/25 21:29,0,34,1,,,,,,,,,US,VA,9/18/25,Thursday,9-11 pm,0,0,0,0,00,0,n/a,N/a
196832576,Completed,134.126.141.39,9/21/25 13:02,0,232,1,,,,,,,,,US,VA,9/21/25,Sunday,3-5 pm Sunday only,3,2,0,0,0,1,Generally good amount of time 5-15 minutes,"149 - returning dictionary and using them, storing temporary values 261 - casting pointers to a different kind of pointer"
196834005,Completed,134.126.113.90,9/21/25 14:59,0,225,1,,,,,,,,,US,VA,9/21/25,Sunday,5-7 pm,1,0,0,0,1,0,about 10 minutes or so,A student was misunderstanding pollLast and getting rid of the tail end
196837030,Started,134.126.113.98,9/21/25 19:04,0,56,1,,,,,,,,,US,VA,9/21/25,Sunday,9-11 pm,0,0,0,0,0,0,na,na
196873667,Completed,134.126.113.90,9/22/25 14:54,0,354,1,,,,,,,,,US,VA,9/22/25,Monday,5-7 pm,0,0,0,0,0,0,0 minutes,n/a :(
196874838,Completed,134.126.113.71,9/22/25 17:08,0,49,1,,,,,,,,,US,VA,9/22/25,Monday,7-9 pm,4,4,0,0,0,0,15-30 mins,149: understanding conditionals and indexing
196907988,Completed,134.126.141.39,9/23/25 15:01,0,429,1,,,,,,,,,US,VA,9/23/25,Tuesday,5-7 pm,8,8,0,0,0,0,perfect amount 5-10 minutes,"149 - asserts vs prints, gradescope errors, variables, docstrings, HW5 in gernerally "
196910335,Completed,134.126.141.39,9/23/25 17:19,0,3068,1,,,,,,,,,US,VA,9/23/25,Tuesday,7-9 pm,5,5,0,0,0,0,20-40 minutes,"149 - Calling vs defining functions, knowing which tools/functions/operators to use"
196912219,Completed,73.152.182.199,9/23/25 19:14,0,682,1,,,,,,,,,US,VA,9/23/25,Thursday,9-11 pm,2,2,0,0,0,0,15 mins,"CS149 - HW5.4 just formatting and the like Also, swapping items in a list"
196942099,Completed,134.126.113.90,9/24/25 15:04,0,122,1,,,,,,,,,US,VA,9/24/25,Wednesday,5-7 pm,3,3,0,0,0,0,between 5-10 minutes give or take,"Lots of quiz review for their quiz the following day. Understanding how arguments are passed in, and dealing with logical operators and how they work. As well as boolean values."
196944848,Completed,134.126.141.39,9/24/25 17:02,0,303,1,,,,,,,,,US,VA,9/24/25,Wednesday,7-9 pm,1,2,0,1,0,0,15 minutes,"227: proof techniques, direct proof, proof by contradiction, contrapositive, etc. 149: gradescope issue (error difficult to read, also for TAs), line length issues, practice quiz 2 prep "
196978442,Completed,134.126.141.39,9/25/25 14:53,0,83,1,,,,,,,,,US,VA,9/25/25,Thursday,5-7 pm,1,0,1,0,0,0,~5 minutes,159: Understanding the point of enums and how to write/use them.
196980548,Completed,134.126.141.39,9/25/25 17:00,0,6244,1,,,,,,,,,US,VA,9/25/25,Thursday,7-9 pm,9,7,0,2,0,0,30-40 mins,"149: while loops, using the test mod new call, initializing to variable 227: sets, unions, proofs"
196983064,Completed,2605:ad80:2f:a822:d122:8d07:a762:6a56,9/25/25 18:58,0,536,1,,,,,,,,,US,VA,9/25/25,Thursday,9-11 pm,0,0,0,0,0,0,,
197054025,Completed,134.126.141.39,9/28/25 13:07,0,322,1,,,,,,,,,US,VA,9/28/25,Sunday,3-5 pm Sunday only,6,6,0,0,0,0,Generally good amount of time 5-15 minutes,"149 - random module, generally iterative design process, logical operator/homework spec "
197055034,Completed,134.126.113.90,9/28/25 15:02,0,135,1,,,,,,,,,US,VA,9/28/25,Sunday,5-7 pm,4,4,0,0,0,0,at most 45 minutes,"understanding while loop conditions for 6.3, understanding the bounds for 6.3 HW for 149"
197056029,Completed,134.126.113.80,9/28/25 16:56,0,83,1,,,,,,,,,US,VA,9/28/25,Sunday,7-9 pm,1,0,1,0,0,0,30 mins,"159 - Understanding how to use Arraylists, questions with enums"
197095257,Completed,134.126.113.90,9/29/25 15:01,0,255,1,,,,,,,,,US,VA,9/29/25,Monday,5-7 pm,3,1,2,0,0,0,about 10 minutes to an hour,"one 159 student was having trouble understanding how to test for exceptions, and had questions regarding exceptions from the zybook reading, another 159 student was confused between the difference in attributes from the enum and class from the PA3, for 149 a student was confused on how to import needed functions from another file for one of the homeworks."
197098377,Completed,134.126.113.71,9/29/25 16:54,0,662,1,,,,,,,,,US,VA,9/29/25,Monday,7-9 pm,8,7,1,0,0,0,30-40,"149: reading specs, using other given functions 159: understanding 2-d arrays and indexing with them"
197136614,Completed,134.126.113.2,9/30/25 15:06,0,129,1,,,,,,,,,US,VA,9/30/25,Tuesday,5-7 pm,6,5,1,0,0,0,30 mins,
197140063,Completed,134.126.141.39,9/30/25 17:25,0,480,1,,,,,,,,,US,VA,9/30/25,Tuesday,7-9 pm,9,5,2,0,1,1,15-25 mins,"149 - Understanding the little libraries assignment, using provided functions for the little libraries, missing (if __name__ == '__main__') blocks 159 - General unit testing, testing for exception throws 240 - Differences between ArrayList VS LinkedList running times, big-O/big-Omega/big-Theta VS worst-case/best-case/average-case 261 - Return-by-reference through *phdr in read_phdr(), knowing how many bytes to read for each program header"
197141969,Completed,134.126.113.71,9/30/25 18:58,0,228,1,,,,,,,,,US,VA,9/30/25,Tuesday,9-11 pm,1,1,0,0,0,0,1hr and half,"149: understanding how to use while loops with input, and knowing that input prints out the prompt so they don't need to use a different print statement to print the prompt "
197142455,Completed,134.126.113.98,9/30/25 19:25,0,74,1,,,,,,,,,US,VA,9/29/25,Monday,9-11 pm,3,3,0,0,0,0,"Bit longer than usually, but was quality time spent",149 - 6.4 and using other people's functions
197180422,Completed,134.126.141.39,10/1/25 15:45,0,264,1,,,,,,,,,US,VA,10/1/25,Wednesday,5-7 pm,1,0,0,0,0,1,about 30 minutes,A student was trying to implement load_segment and was mainly having a hard time understanding why memory needed to be a pointer when using fread. (its mentioned in the specs as well but couldn't wrap their head around the concept)
197181989,Completed,134.126.141.39,10/1/25 17:01,0,758,1,,,,,,,,,US,VA,10/1/25,Wednesday,7-9 pm,5,4,1,0,0,0,5-30 minutes,"The 159 student wanted some clarification on how he could handle emptying slots in his test cases, 149 students were confused on while loop conditions, using random module, and if integer and int were the same thing for python."
197215116,Completed,134.126.141.39,10/2/25 14:56,0,6816,1,,,,,,,,,US,VA,10/2/25,Thursday,5-7 pm,4,1,5,0,0,1,~20 minutes,"149: using ord, chr 159: hw3 tests, gradescope 261: struct/typedef names"
197218651,Completed,134.126.141.39,10/2/25 17:16,0,751,1,,,,,,,,,US,VA,10/2/25,Thursday,7-9 pm,5,2,1,0,1,1,Between 10 and 15 minutes.,"149: Definition of open vs. closed intervals, reading specs; shift cipher homework. 159: Understanding specs, what to do in exceptional/non-ideal cases. 240: Bit-shifting in Java 261: Pointer arithmetic, allocating correct amounts of memory, when to dereference pointers."
197220266,Completed,73.152.182.199,10/2/25 19:00,0,17,1,,,,,,,,,US,VA,10/2/25,Thursday,9-11 pm,0,0,0,0,0,0,None,None
197278471,Completed,134.126.141.39,10/5/25 13:04,0,193,1,,,,,,,,,US,VA,10/5/25,Sunday,3-5 pm Sunday only,4,2,0,0,0,2,Generally good amount of time 5-15 minutes,149 - HW 7.3 string maltipulation 261 - connect program headers to virtual memory address for dumping 
197279326,Completed,134.126.113.90,10/5/25 15:10,0,535,1,,,,,,,,,US,VA,10/5/25,Sunday,5-7 pm,4,2,2,0,0,0,at least 30 minutes was the longest,"159, was understanding how to test for some methods and we spent a while trying to figure out simulate and it turns out a method should have been returning false at some point and they were not handling that., 149 was understanding Caesar cipher"
197280125,Completed,134.126.113.80,10/5/25 16:58,0,61,1,,,,,,,,,US,VA,10/5/25,Sunday,7-9 pm,1,0,0,0,0,1,15 mins,261 - Printing program header bytes using loops with the correct end condition and offset positions from each 16th byte
197312061,Completed,134.126.113.90,10/6/25 15:01,0,531,1,,,,,,,,,US,VA,10/6/25,Monday,5-7 pm,5,0,4,0,0,1,about 30 minutes or less (261 took the longest),"261 needed help with printing and aligning bytes, 159 was writing doc strings, figuring out whitespace issues on gradescope errors, and infinite loops"
197315349,Completed,134.126.113.71,10/6/25 17:11,0,711,1,,,,,,,,,US,VA,10/6/25,Monday,7-9 pm,8,5,3,0,0,0,15-30 mins,"149: the parking spot problem was confusing, using dictionaries with it 159: Homework 3 array lists "
197317326,Completed,134.126.113.98,10/6/25 18:59,0,1080,1,,,,,,,,,US,VA,10/6/25,Monday,9-11 pm,4,0,0,4,0,0,"a bit longer than usually 15-25 minutes, but mostly likely stems from online hours","227 - Exam prep(Set theory, proofs, and logic) and generally confidence in abilities"
197344802,Completed,134.126.113.2,10/7/25 15:10,0,43,1,,,,,,,,,US,VA,10/7/25,Tuesday,5-7 pm,7,5,2,0,0,0,15 mins,
197346829,Completed,134.126.141.39,10/7/25 17:20,0,423,1,,,,,,,,,US,VA,10/7/25,Tuesday,7-9 pm,8,6,2,0,0,0,15-30 mins,"149 - Getting started on the projects, confusion with parking lots and casear cipher homework assignments 159 -VendingMachine simulator trouble (how to buy from all slots of all vending machine pcount times?)"
197348452,Completed,2605:ad80:2f:a822:950b:4c1:6301:e16e,10/7/25 19:04,0,156,1,,,,,,,,,US,VA,10/7/25,Tuesday,9-11 pm,3,2,1,0,0,0,20-30 mins,149: dealing with the cipher hw understanding how to use % with it 159: string manipulation
197376463,Completed,134.126.113.90,10/8/25 15:00,0,91,1,,,,,,,,,US,VA,10/8/25,Wednesday,5-7 pm,1,0,1,0,0,0,about 10 minutes within the shift,a 159 student came in to go over a previous exam for practice for their upcoming midterm.
197378384,Completed,134.126.113.71,10/8/25 17:18,0,1638,1,,,,,,,,,US,VA,10/8/25,Wednesday,7-9 pm,5,2,3,0,0,0,"for 4 of them about 20-30 mins, for the last student one ta helped them the whole shift going through a test to review",159: memory diagrams and java equals 149: Cesear cipher hw and parking spot
197405752,Completed,134.126.141.39,10/9/25 15:15,0,104,1,,,,,,,,,US,VA,10/9/25,Thursday,5-7 pm,4,4,0,0,0,0,~15 minutes,"149: Understanding containers, writing unit tests/where to start, reviewing the last quiz."
197407365,Completed,134.126.141.39,10/9/25 17:07,0,6617,1,,,,,,,,,US,VA,10/9/25,Thursday,7-9 pm,1,4,1,0,0,0,~20 minutes,"149, writing tests, parking spot fitting hw 159, enums, practice exam"
197408942,Completed,73.152.182.199,10/9/25 18:57,0,20,1,,,,,,,,,US,VA,10/9/25,Thursday,9-11 pm,1,1,0,0,0,0,30,HW 7.4
197459501,Completed,134.126.141.39,10/12/25 12:50,0,621,1,,,,,,,,,US,VA,10/12/25,Sunday,3-5 pm Sunday only,0,0,0,0,0,0,0,
197460691,Completed,134.126.113.90,10/12/25 15:01,0,368,1,,,,,,,,,US,VA,10/12/25,Sunday,5-7 pm,1,2,0,0,0,0,about 10 minutes,"Understanding the format of pytest, and understanding how to complete PA 1 part A"
197461995,Completed,134.126.113.80,10/12/25 17:16,0,412,1,,,,,,,,,US,VA,10/12/25,Sunday,7-9 pm,4,4,0,0,0,0,20 mins,149 - How to perform test-driven development on PA1
197493326,Completed,134.126.113.90,10/13/25 15:01,0,800,1,,,,,,,,,US,VA,10/13/25,Monday,5-7 pm,6,4,2,0,0,0,under 20 minutes,"149 was understanding how to implement part A for PA 1, and some questions to make sure they were doing the right thing, 159 was going over test material and memory diagrams"
197496068,Completed,134.126.113.71,10/13/25 16:53,0,1041,1,,,,,,,,,US,VA,10/13/25,Monday,7-9 pm,6,6,0,0,0,0,20-30 mins,149: understanding assert statements and vscode
197498941,Completed,2605:ad80:2f:a822:ad08:3339:9eb8:e286,10/13/25 19:04,0,55,1,,,,,,,,,US,VA,10/13/25,Monday,9-11 pm,1,1,0,0,0,0,"Generally a good amount of time, between 5-10 minutes ",149 - Understanding Gradescope Errors with PA1
197550444,Completed,134.126.113.2,10/14/25 15:14,0,29,1,,,,,,,,,US,VA,10/14/25,Tuesday,5-7 pm,6,6,0,0,0,0,,
197556194,Completed,134.126.141.39,10/14/25 17:25,0,4376,1,,,,,,,,,US,VA,10/14/25,Tuesday,7-9 pm,7,7,0,0,0,0,20 - 60 mins.,"149 - Writing appropriate tests, vs code set up issues (ruff formatter, issues with python interpreter, etc...)"
197560001,Completed,2605:ad80:2f:a822:2da5:814c:f691:feb9,10/14/25 19:02,0,34,1,,,,,,,,,US,VA,10/14/25,Tuesday,9-11 pm,1,1,0,0,0,0,30 mins,149: understanding gradescope errors 
197600100,Completed,134.126.113.90,10/15/25 15:17,0,199,1,,,,,,,,,US,VA,10/15/25,Wednesday,5-7 pm,2,2,0,0,0,0,about 30 minutes,"One 149 student was having an issue with importing pytest, it just wasn't working at all. Another 149 student was trying to figure out why gradescope wasnt passing, we spent a lot of time trying to decipher the difference between + and - in gradescope, we switched things around and then the gradescope switched.."
197602144,Completed,134.126.113.71,10/15/25 16:52,0,753,1,,,,,,,,,US,VA,10/15/25,Wednesday,7-9 pm,7,4,0,0,3,0,40-50mins,"149: set up with vscode, a student's setup wouldn't work 240: running the driver for the sorting pa, and making the charts for it "
197636041,Completed,134.126.141.39,10/16/25 15:19,0,241,1,,,,,,,,,US,VA,10/16/25,Thursday,5-7 pm,8,4,3,0,1,0,~15 minutes,"149: Understanding Gradescope errors in PA1, understanding how to write test cases. 159: Gradescope issue (lab 7 in Gradescope is really lab 10) 240: Recurrence relations and summations."
197644995,Completed,134.126.113.98,10/16/25 17:58,0,142,1,,,,,,,,,US,VA,10/16/25,Thursday,7-9 pm,8,4,2,0,0,2,"Generally a good amount of time, between 10-15 minutes ","149 - PA1 gradescope problems, 159 - general recursive 261 - understanding the specs(aka only do fetch things in fetch), bitwise and versus shift"
197647911,Completed,73.152.182.199,10/16/25 19:04,0,33,1,,,,,,,,,US,VA,10/16/25,Thursday,9-11 pm,0,0,0,0,0,0,None,N/A
197730306,Completed,134.126.141.39,10/19/25 13:05,0,520,1,,,,,,,,,US,VA,10/19/25,Sunday,5-7 pm,5,2,2,0,0,1,"bit longer than usually, 15-20 minutes ","149 - count sentences, using builtin functions 159 - misunderstanding helper functions with exception, catching exceptions 261 - error checking in fetch, "
197732130,Completed,134.126.141.39,10/19/25 15:36,0,1970,1,,,,,,,,,US,VA,10/19/25,Sunday,5-7 pm,6,4,1,0,0,1,id say an average of 30+ minutes,"149 was help with implementing the normalize_text function and fixing gradescope errors that had to do with average_word_length and out of bounds for normalize_text, 159 was understanding how to implement the tests for part 2 similar to part 1 and 261 was passing the unit tests for an invalid pc when working with specific instructions "
197733169,Completed,134.126.141.135,10/19/25 17:03,0,158,1,,,,,,,,,US,VA,10/19/25,Sunday,7-9 pm,10,10,0,0,0,0,30 - 75 mins,149 - Text parsing and confusion with instructions for PA1: Text SImplifier (changes in average_word_length)
197765266,Completed,134.126.113.90,10/20/25 15:25,0,407,1,,,,,,,,,US,VA,10/20/25,Monday,5-7 pm,7,7,0,0,0,0,at least 15 minutes ,"Basically the 149 PA, some students were having issues with summarize text not calculating the right value (getting a value higher than it should be), normalize_text and making sure that the next character after a period is capitalized, and overall just trying to implement the code based off the (little) information from the docstrings."
197767579,Completed,134.126.113.71,10/20/25 17:13,0,357,1,,,,,,,,,US,VA,10/20/25,Monday,7-9 pm,8,8,0,0,0,0,30-40 mins,"149: help with pa 1 part b, specifically fixing edge cases "
198058662,Completed,134.126.141.39,10/27/25 14:59,0,178,1,,,,,,,,,US,VA,10/27/25,Monday,5-7 pm,4,2,2,0,0,0,"about 30 minutes, some longer","A 149 student came in for some clarification on assert statements, another needed help understanding the assert statement output, a 159 student was having 100% coverage in vscode but wasn't getting 100% coverage on gradescope, another 159 student needed help testing for errors."
198062917,Completed,134.126.113.41,10/27/25 17:07,0,151,1,,,,,,,,,US,VA,10/27/25,Monday,7-9 pm,2,1,1,0,0,0,30-40 mins,"149: studying for a quiz 159: understanding testing coverage, difference between statement and branch coverage"
198105938,Completed,134.126.113.30,10/28/25 15:19,0,21,1,,,,,,,,,US,VA,10/28/25,Tuesday,5-7 pm,6,3,3,0,0,0,,
198110274,Completed,134.126.141.39,10/28/25 17:09,0,1306,1,,,,,,,,,US,VA,10/28/25,Tuesday,7-9 pm,12,4,6,0,0,2,15-20 mins,149 - Gradescope issues (see note below) 159 - Misunderstanding method specs in AccessibilityResults + AccessibilityChecker 261 - Disassemble method in P3
198113590,Completed,2605:ad80:2f:a822:f833:e020:394c:53e0,10/28/25 19:06,0,157,1,,,,,,,,,US,VA,10/28/25,Tuesday,9-11 pm,2,1,1,0,0,0,40 mins,"149: studying for a practice quiz understanding dictionaries 159: testing methods, and understanding how to achieve 100% branch coverage"
198146681,Completed,134.126.113.27,10/29/25 15:10,0,1077,1,,,,,,,,,US,VA,10/29/25,Wednesday,5-7 pm,2,0,2,0,0,0,less than 15 minutes,"159 students were having gradescope errors, mainly with their code not matching the specifications exactly (being off by a letter that was supposed to be uppercase), and another was fixing style issues with whitespace and testing for invalid arguments (throwing exceptions)"
198149139,Completed,134.126.113.41,10/29/25 17:02,0,79,1,,,,,,,,,US,VA,10/29/25,Wednesday,7-9 pm,8,3,3,0,2,0,40mins,"149: review questions 159: coverage tests, and file not found exceptions 240: parse trees"
198184456,Completed,134.126.141.39,10/30/25 15:08,0,118,1,,,,,,,,,US,VA,10/30/25,Thursday,5-7 pm,4,3,0,0,0,1,Between 5 and 20 minutes.,"149: File opening errors, understanding test failure, and parsing a line for use for PA2 261: How to get the relevant information for disassemble_code."
198186815,Completed,134.126.141.39,10/30/25 17:04,0,6416,1,,,,,,,,,US,VA,10/30/25,Thursday,7-9 pm,4,3,3,0,2,1,~20 minutes,"149 - PA2 part A 159 - setting up junit in vscode, general testing 240 - worst-case assignments on selection sort, quicksort partition explanations 261 - p3 output formatting"
198189766,Completed,73.152.182.199,10/30/25 18:59,0,37,1,,,,,,,,,US,VA,10/30/25,Thursday,9-11 pm,0,0,0,0,0,0,0,N/a
198266652,Completed,134.126.141.39,11/2/25 14:03,0,948,1,,,,,,,,,US,VA,11/2/25,Sunday,3-5 pm Sunday only,8,7,2,0,0,0,Generally good amount of time 5-15 minutes,"149 - how to open files properly as well as properly testing framework, current working directory versus defined directory, 159 - how to use parent class functions, defining objects in code and making them be on screen and adding drawable array list "
198268646,Completed,134.126.141.39,11/2/25 16:00,0,478,1,,,,,,,,,US,VA,11/2/25,Sunday,5-7 pm,3,2,1,0,0,0,about 15 minutes,"149 was printing things out in the correct format for the PA, and 159 was fixing an incorrect function name"
198271400,Completed,134.126.113.63,11/2/25 19:13,0,79,1,,,,,,,,,US,VA,11/2/25,Sunday,7-9 pm,1,0,1,0,0,0,20 mins,159 - Finding and swapping the positions of the min/max values of an array.
198306134,Completed,134.126.113.27,11/3/25 16:20,0,320,1,,,,,,,,,US,VA,11/3/25,Monday,5-7 pm,2,1,1,0,0,0,about 20 minutes,"159, a student came in with a gradescope issue where only one of the direction images was messing up, and 149 needed help with PA2 part A with writeLog and readFile"
198309109,Completed,134.126.113.41,11/3/25 17:58,0,632,1,,,,,,,,,US,VA,11/3/25,Monday,7-9 pm,3,3,0,0,0,0,40-50mins,"149: Pa Part A, parse cell and write log, dealing with how to check the correct conditions for each cell"
198312692,Completed,2605:ad80:2f:a822:4cbb:dab:a29e:3044,11/3/25 20:00,0,391,1,,,,,,,,,US,VA,11/3/25,Monday,9-11 pm,3,3,0,0,0,0,"149 - looking at update specs, and understanding gradescope error","149 - looking at update specs, and understanding/debugging gradescope error"
198469717,Completed,134.126.113.30,11/5/25 15:13,0,65,1,,,,,,,,,US,VA,11/4/25,Tuesday,5-7 pm,8,8,0,0,0,0,15 minutes,149 - students not using the updated files
198507090,Completed,134.126.141.39,11/5/25 16:58,0,136,1,,,,,,,,,US,VA,11/5/25,Wednesday,5-7 pm,6,5,1,0,0,0,"definitely way too long, 20+ minutes","there was a 149 student who was having trouble running their tests through vscode, other 149 students were here for the new PA, there was a 159 student but the TA who helped them left early"
198541752,Completed,134.126.141.39,11/5/25 19:54,0,706,1,,,,,,,,,US,VA,11/5/25,Wednesday,7-9 pm,20,17,3,0,0,0,"bit longer than usually, 15-20 minutes","149 - entire of PA2, issues across all functions, how to access files in the right places, very confusing specs, 159 - honestly idk "
198588415,Completed,134.126.141.39,11/6/25 16:25,0,1477,1,,,,,,,,,US,VA,11/6/25,Thursday,5-7 pm,9,6,2,0,1,0,~20 minutes,"149: PA 1 part A test cases, implementations 159: (TA who helped left early) 240: recursive key depth implementation"
198597907,Completed,134.126.141.39,11/6/25 18:13,0,294,1,,,,,,,,,US,VA,11/6/25,Thursday,7-9 pm,4,4,0,0,0,0,"Between 20 minutes and an hour. Lexie worked for longer, I worked in shorter bits.","149: Understanding where to start with PA2, how to go about reading from a file and transforming into a flat list, and the method that checks that cells are valid."
198658462,Completed,73.152.182.199,11/6/25 19:59,0,22,1,,,,,,,,,US,VA,11/6/25,Thursday,9-11 pm,2,2,0,0,00,0,30 mins,PA2 - Testing
198775431,Completed,134.126.141.39,11/9/25 14:01,0,213,1,,,,,,,,,US,VA,11/9/25,Sunday,3-5 pm Sunday only,4,1,1,0,0,2,Generally good amount of time 10-15 minutes,149 - check equality of list element wise 159 - conditional statements(always true) and variable initialize(not saving) 261 - disassemble read data 
198777748,Completed,134.126.141.39,11/9/25 16:29,0,1702,1,,,,,,,,,US,VA,11/9/25,Sunday,5-7 pm,7,6,0,0,0,1,Generally good amount of time 10-15 minutes,"149 - how to return 'colors' via colorama things\, printing grid, modulus with grid columns for update 261 - disassemble rodata cases "
198779975,Completed,134.126.113.63,11/9/25 18:09,0,131,1,,,,,,,,,US,VA,11/9/25,Sunday,7-9 pm,3,1,1,1,0,0,15-20 mins,"149 - PA2, pt. B: update_grid function GradeScope errors 159 - GradeScope test fails but erroneous behavior doesn't occur on person's laptop 227 - Dr. Heydari exam prep (induction proofing: setting up the problem, core aspects, how to prepare)"
198840885,Completed,134.126.113.27,11/10/25 16:49,0,795,1,,,,,,,,,US,VA,11/10/25,Monday,5-7 pm,9,8,0,0,0,1,at least 20 minutes,"261, was just verifying printing memory in little endian, 149 was a mix of installing modules for the PA, and explaining how to implement update grid and print gird"
198843977,Completed,134.126.113.41,11/10/25 18:19,0,216,1,,,,,,,,,US,VA,11/10/25,Monday,7-9 pm,15,14,0,1,0,0,40-50 mins,"149: update grid method, it is very confusing to them, especially because the pa specifications were changed print grid, has something about reading start.txt which is a little confusing to the students, they think they have to write to the file 227: induction "
198848515,Completed,2605:ad80:2f:a822:f49f:ce54:3587:e74,11/10/25 20:01,0,92,1,,,,,,,,,US,VA,11/10/25,Monday,9-11 pm,3,0,0,3,0,0,"a bit longer than usually 15-25 minutes, but mostly likely stems from online hours","227 - generally summation questions, proofs about sequencing, and the three steps of a proof by induction"
198910169,Completed,134.126.141.39,11/11/25 18:14,0,81,1,,,,,,,,,US,VA,11/11/25,Tuesday,7-9 pm,11,10,0,0,1,0,30-50 mins,149 - update_grid difficulty coding and understanding (how to break it down into helper functions) 
198913315,Completed,2605:ad80:2f:a822:2854:5d41:eaea:bb6d,11/11/25 19:56,0,396,1,,,,,,,,,US,VA,11/11/25,Tuesday,9-11 pm,1,1,0,0,0,0,30 mins,"149: private tests failing, and update_grid method"
198963477,Completed,134.126.113.27,11/12/25 16:07,0,388,1,,,,,,,,,US,VA,11/12/25,Wednesday,5-7 pm,3,3,0,0,0,0,at least 30 minutes,"A student need help displaying the correct output and some students needed help implementing update_grid for pa2, with knowing when a cell should be yellow and just how to implement it in general"
198968712,Completed,134.126.113.41,11/12/25 18:26,0,38,1,,,,,,,,,US,VA,11/12/25,Wednesday,7-9 pm,15,15,0,0,0,0,40 mins,"149: waffle pa, specifically update grid edges"
199028492,Completed,134.126.141.39,11/13/25 15:57,0,74,1,,,,,,,,,US,VA,11/13/25,Thursday,5-7 pm,1,1,0,0,0,0,15 minutes,CS149: Understanding annoying pytest outputs.
199036813,Completed,134.126.141.39,11/13/25 17:55,0,6246,1,,,,,,,,,US,VA,11/13/25,Thursday,7-9 pm,0,0,0,0,0,0,0 minutes,N/A
199042756,Completed,73.152.182.199,11/13/25 19:59,0,22,1,,,,,,,,,US,VA,11/13/25,Thursday,9-11 pm,0,0,0,0,0,0,0 mins,N/A
199143940,Completed,134.126.141.39,11/16/25 14:06,0,370,1,,,,,,,,,US,VA,11/16/25,Sunday,3-5 pm Sunday only,2,1,1,0,0,0,15+ minutes,"For 149, a student needed help writing test cases for P3 part A, For the 159 student they were working on the recent 159 lab and iterators and hash maps."
199145500,Completed,134.126.141.39,11/16/25 15:59,0,128,1,,,,,,,,,US,VA,11/16/25,Sunday,5-7 pm,2,1,1,0,0,0,about 10 minutes,149 was writing tests for pa3 part A and 159 was understanding how to complete one of the methods from the lab and understanding hashsets and such
199201515,Completed,134.126.141.39,11/17/25 16:01,0,48,1,,,,,,,,,US,VA,11/17/25,Monday,5-7 pm,2,1,0,0,0,1,Generally good amount of time 10-15 minutes,149 - Docstring conflicts 261 - accessing memory/forgotten break
199205648,Completed,134.126.113.18,11/17/25 18:13,0,72,1,,,,,,,,,US,VA,11/17/25,Monday,7-9 pm,5,1,0,2,0,2,"a bit longer than usually 15-25 minutes, but mostly likely stems from online hours",149 - PA3 227 - Recursion definitions 261 - forgotten break and memcpy
199209887,Completed,134.126.113.18,11/17/25 20:06,0,219,1,,,,,,,,,US,VA,11/17/25,Monday,9-11 pm,8,1,0,7,0,0,"a bit longer than usually 20-45 minutes, but mostly likely stems from online hours","149 - testing, how to determine seconds versus milliseconds 227 - writing recursive functions, separating out the recursive call."
199262165,Completed,134.126.113.30,11/18/25 16:02,0,100,1,,,,,,,,,US,VA,11/18/25,Tuesday,5-7 pm,9,7,0,1,1,1,,
199265751,Completed,134.126.141.39,11/18/25 18:07,0,39,1,,,,,,,,,US,VA,11/18/25,Tuesday,7-9 pm,2,2,0,0,0,0,20-40 mins,149 - creating tests for PA3
199268969,Completed,2605:ad80:2f:a822:f439:2f16:7c95:9c,11/18/25 20:27,0,101,1,,,,,,,,,US,VA,11/18/25,Tuesday,9-11 pm,1,0,0,1,0,0,1 hour,227: recursion quiz questions
199345894,Completed,134.126.141.39,11/19/25 16:15,0,313,1,,,,,,,,,US,VA,11/19/25,Wednesday,5-7 pm,5,5,0,0,0,0,about 15 minutes,"149 issues consisted of understanding how the tests for create_playlist work, understanding that each of the tests needed at least 2 or more additional ones, working with dictionaries for formatting and knowing whether to print or not if a key doesn't exist, working with sys.arg, understanding formatting tags and figuring out an easier way to work with the spaces for testing."
199353157,Completed,134.126.113.41,11/19/25 18:07,0,40,1,,,,,,,,,US,VA,11/19/25,Wednesday,7-9 pm,15,13,0,2,0,0,50-60 mins,149: testing part of PA3 227: understanding recursion 
199358971,Completed,204.111.113.108,11/19/25 20:09,0,38,1,,,,,,,,,US,VA,11/19/25,Wednesday,9-11 pm,4,3,0,1,0,0,,
199412568,Completed,134.126.141.39,11/20/25 16:05,0,496,1,,,,,,,,,US,VA,11/20/25,Thursday,5-7 pm,4,4,0,0,0,0,~15 minutes,"CS149: General project questions (my TAs left before I could ask them). Generally, seems to be some uncertainty regarding what JSON is, file ops, & command line."
199416854,Completed,134.126.141.39,11/20/25 18:01,0,58,1,,,,,,,,,US,VA,11/20/25,Thursday,7-9 pm,1,3,2,0,0,0,~30 minutes,149 - PA 2 part B 159 - tokenizing strings
199421834,Completed,73.152.182.199,11/20/25 20:04,0,12,1,,,,,,,,,US,VA,11/20/25,Thursday,9-11 pm,0,0,0,0,0,0,N/a,
199698966,Completed,134.126.141.39,12/1/25 16:55,0,3449,1,,,,,,,,,US,VA,12/1/25,Monday,5-7 pm,4,4,0,0,0,0,the longest was about an hour,"All the problems were for the 149 PA, most students needed help with load_data and understanding the recursion with influence(), and one student came in about a lab"
199700154,Completed,134.126.141.39,12/1/25 18:02,0,2482,1,,,,,,,,,US,VA,12/1/25,Monday,7-9 pm,6,4,1,0,0,1,50mins,"149: list comprehension, recursion, hw problems about map and filter 159: recursion lab, understanding why to use recursion when counting how many times the value occurs in an array 261: valgrind issues and dump cpu"
199701928,Completed,2605:ad80:2f:a822:588c:4304:7441:c620,12/1/25 20:01,0,112,1,,,,,,,,,US,VA,12/1/25,Monday,9-11 pm,4,1,0,3,0,0,"a bit longer than usually 20-30 minutes, but mostly likely stems from online hours",149 - recursion and how the depth is actually being calculated 227 - Bijection between sets
199758442,Completed,134.126.141.39,12/2/25 18:27,0,147,1,,,,,,,,,US,VA,12/2/25,Tuesday,7-9 pm,10,8,0,1,0,1,"bit longer than usually, 15-20 minutes","149 - PA3 recursion, and recursion principles in general"
199759998,Completed,2605:ad80:2f:a822:8501:be90:2cd8:bc97,12/2/25 20:28,0,16,1,,,,,,,,,US,VA,12/2/25,Tuesday,9-11 pm,0,0,0,0,0,0,,
199836715,Completed,134.126.141.39,12/4/25 16:01,0,2,1,,,,,,,,,US,VA,12/4/25,Thursday,5-7 pm,1,2,0,0,1,1,~20 minutes,149 - P3 part D (whole thing) 240 - hashing homework 261 - iotrap
199840660,Completed,73.152.182.199,12/4/25 18:02,0,107,1,,,,,,,,,US,VA,12/3/25,Wednesday,7-9 pm,6,4,0,1,0,1,15-30 mins,CS149 - Last FM PA Part D (API stuff) CS261 - IOTrap
199840910,Completed,134.126.141.39,12/4/25 18:11,0,98,1,,,,,,,,,US,VA,12/4/25,Thursday,7-9 pm,3,0,0,1,1,1,Between 20 minutes and an hour.,227 - Inequalities with inductive hypotheses. 240 - Hash lab/homework. 261 - iotrap step.
199843058,Completed,73.152.182.199,12/4/25 20:00,0,17,1,,,,,,,,,US,VA,12/4/25,Thursday,9-11 pm,0,0,0,0,00,0,0,N/A