Data Export Generated on Thu May 28 10:06:36 PDT 2026,,,,,,,,,,,,,,,,,,,,,,,,,,,
Survey ID 12435362,,,,,,,,,,,,,,,,,,,,,,,,,,,
Dashboard Name My Dashboard,,,,,,,,,,,,,,,,,,,,,,,,,,,
Response ID,Response Status,IP Address,Timestamp (mm/dd/yyyy),Duplicate,Time Taken to Complete (Seconds),Seq. Number,External Reference,shift,lift,tift,biffed,Custom Variable 5,Respondent Email,Email List,Country Code,Region,What is the date of the shift you are reporting for?,Please choose the day of the week.,Please enter the time slot.,Approximately how many times did you help a student during your shift?,How many CS 149 students?,How many CS 159 Students?,How many CS 227 Students?,How many CS 240 Students?,How many CS 261 Students?,Comment on how long TAs generally spent with a given student during your shift.,What were the most common problems being addressed. Ideally these would be prefaced with the course number.
201554752,Completed,2605:ad80:2f:a822:d45:7f1e:4279:9cb9,1/27/26 19:13,0,15,1,,,,,,,,,US,VA,1/27/26,Tuesday,7-9 pm,0,0,0,0,0,0,,
201592398,Completed,134.126.141.39,1/28/26 17:01,0,123,1,,,,,,,,,US,VA,1/28/26,Wednesday,5-7 pm,0,0,0,0,0,0,0 minutes,n/a
201594443,Completed,134.126.141.39,1/28/26 19:00,0,91,1,,,,,,,,,US,VA,1/28/26,Wednesday,7-9 pm,0,0,0,0,0,0,0 minutes,n/a
201596128,Completed,2605:ad80:2f:a822:507:71b7:fee9:5cb8,1/28/26 20:57,0,144,1,,,,,,,,,US,VA,1/28/26,Wednesday,9-11 pm,0,0,0,0,0,0,,
201622695,Completed,134.126.141.39,1/29/26 17:12,0,4,1,,,,,,,,,US,VA,1/29/26,Thursday,5-7 pm,3,6,0,0,0,0,20 minutes,149 - Understanding how to separate lines using print statements 149 - Understanding file outputs 149 - Ruff installation 149 - Thonny interpreter configuration 149 - Python syntax
201625319,Completed,134.126.141.39,1/29/26 19:01,0,3757,1,,,,,,,,,US,VA,1/29/26,Thursday,9-11 pm,6,6,0,0,0,0,5-15 mins,149 - Print function confusion; understanding ruff checkstyle erros
201627033,Completed,2605:ad80:2f:a822:3991:5d31:2f93:8cbf,1/29/26 21:03,0,660,1,,,,,,,,,US,VA,1/29/26,Thursday,9-11 pm,0,0,0,0,0,0,no one here :(,no one here
201680091,Completed,134.126.141.39,2/1/26 15:01,0,4100,1,,,,,,,,,US,VA,2/1/26,Sunday,3-5 pm Sunday only,0,0,0,0,0,0,0 minutes,N/A
201681875,Completed,134.126.141.39,2/1/26 17:08,0,47,1,,,,,,,,,US,VA,2/1/26,Sunday,5-7 pm,1,0,0,0,0,1,~10 minutes,261: Getopt with a missing follow-up argument.
201682811,Completed,134.126.141.39,2/1/26 18:59,0,647,1,,,,,,,,,US,VA,2/1/26,Sunday,7-9 pm,0,0,0,0,0,0,no one came ,na
201683955,Completed,2605:ad80:2f:a822:24cc:8ae9:dcbf:b8b3,2/1/26 21:02,0,15,1,,,,,,,,,US,VA,2/1/26,Sunday,9-11 pm,0,0,0,0,0,0,,
201712096,Completed,134.126.113.46,2/2/26 16:59,0,23,1,,,,,,,,,US,VA,2/2/26,Monday,5-7 pm,1,0,0,0,0,1,,
201713768,Completed,134.126.141.39,2/2/26 19:01,0,38,1,,,,,,,,,US,VA,2/2/26,Monday,7-9 pm,0,0,0,0,0,0,0 minutes,n/a
201738926,Completed,134.126.113.5,2/3/26 17:03,0,166,1,,,,,,,,,US,VA,2/3/26,Tuesday,5-7 pm,5,5,0,0,0,0,Around 15 minutes,"Basic functions - input(), print(), string formatting."
201740892,Completed,134.126.113.52,2/3/26 19:04,0,3893,1,,,,,,,,,US,VA,2/3/26,Tuesday,7-9 pm,8,5,0,3,0,0,40-50 mins,"240: time complexity, and figuring out them with substitution 149: printing issues, and learning how to use variables within a print"
201772616,Completed,134.126.141.39,2/4/26 17:34,0,37,1,,,,,,,,,US,VA,2/4/26,Wednesday,5-7 pm,0,0,0,0,0,0,0,n/a
201774072,Completed,134.126.141.39,2/4/26 19:00,0,124,1,,,,,,,,,US,VA,2/4/26,Wednesday,7-9 pm,7,4,2,0,0,1,maybe about 10 minutes,"For 261 it was help with understanding pointers, for 159 it was help understanding java syntax (the rough switch from python to java) and for 149 it was print statements and user input"
201776057,Completed,2605:ad80:2f:a822:c44b:70a9:7fdb:9458,2/4/26 20:48,0,745,1,,,,,,,,,US,VA,2/4/26,Wednesday,9-11 pm,1,0,1,0,0,0,20mins,how to call a method from the class inside of another method inside the class
201801722,Completed,134.126.141.39,2/5/26 17:00,0,6,1,,,,,,,,,US,VA,2/5/26,Thursday,5-7 pm,2,3,4,0,0,0,30 Minutes,"149 - Formatting, GradeScope Diff Files 159 - Logic for HW1, Methods for HW1"
201803221,Completed,134.126.141.39,2/5/26 19:02,0,3,1,,,,,,,,,US,VA,2/5/26,Thursday,7-9 pm,6,0,5,0,1,0,15-20 minutes,"159 - Checkstyle formatting + condition confusion 240 - Exam prep (amortized analysis, comparing algorithms through limits, etc...)"
201804759,Completed,2605:ad80:2f:a822:91b5:34f7:8545:ebd6,2/5/26 21:16,0,1033,1,,,,,,,,,US,VA,2/5/26,Thursday,9-11 pm,3,0,0,0,2,1,"a bit longer than usually 15-25 minutes, but mostly likely stems from online hours",240 - iterator pattern and index pointer(points to next value or last returned value) 261 - unknown
201864078,Completed,134.126.141.39,2/8/26 15:06,0,2,1,,,,,,,,,US,VA,2/8/26,Sunday,3-5 pm Sunday only,1,0,0,0,1,0,~30 minutes,240 - Multiset iterator tests
201865196,Completed,134.126.141.39,2/8/26 17:06,0,282,1,,,,,,,,,US,VA,2/8/26,Sunday,5-7 pm,2,0,0,0,2,0,The entire 2 hours,240: Understanding array accessing and remove method for hw1 iterator.
201866006,Completed,134.126.141.39,2/8/26 18:51,0,623,1,,,,,,,,,US,VA,2/8/26,Sunday,7-9 pm,5,0,0,0,5,0,"Longer than usually, 30-45 minutes but no one here beside them ","240 - multiset iterator, with removes, issues with what 'index' points to, item to be returned by next, or item that was just returned by next. "
201867008,Completed,2605:ad80:2f:a822:7db9:3e39:9b5d:af20,2/8/26 20:51,0,373,1,,,,,,,,,US,VA,2/8/26,Sunday,9-11 pm,0,0,0,0,0,0,,
201914298,Completed,134.126.113.46,2/9/26 17:00,0,27,1,,,,,,,,,US,VA,2/9/26,Monday,5-7 pm,1,1,0,0,0,0,,
201917949,Completed,134.126.113.9,2/9/26 19:04,0,381,1,,,,,,,,,US,VA,2/9/26,Monday,7-9 pm,5,5,0,0,0,0,about 15 minutes,"149 was starting on the homework (talking through the specs), understanding if statements and how to use them in the homework, understanding integer division and modulus, and the difference between getting weighted averages and other math questions"
201921451,Completed,76.78.165.27,2/9/26 23:06,0,9,1,,,,,,,,,US,VA,2/9/26,Monday,9-11 pm,1,0,1,0,0,0,20 minutes,159 - Understanding the difference between a static and a non-static method
201959140,Completed,134.126.113.5,2/10/26 17:03,0,72,1,,,,,,,,,US,VA,2/10/26,Tuesday,5-7 pm,2,0,1,0,0,0,20 minutes,CS159 Gradescope issues 
202003639,Completed,134.126.141.39,2/11/26 17:12,0,152,1,,,,,,,,,US,VA,2/11/26,Wednesday,5-7 pm,1,0,1,0,0,0,about 10 minutes,the 159 student was having checkstyle issues that were hard to find. But it was only hard to find because his path was like .../CS159/CS159 instead of being fully in that last directory that just holds all their 159 content
202005789,Completed,134.126.141.39,2/11/26 19:00,0,89,1,,,,,,,,,US,VA,2/11/26,Wednesday,7-9 pm,2,1,0,0,1,0,no longer than 15 minutes,149 was working with relational operators for conditional staments and 240 was understanding big O notation
202008085,Completed,2a04:4e41:3205:938f::114:838f,2/11/26 21:01,0,1,1,,,,,,,,,US,MD,2/11/26,Wednesday,9-11 pm,0,0,0,0,0,0,,
202052618,Completed,134.126.141.39,2/12/26 17:04,0,3,1,,,,,,,,,US,VA,2/12/26,Thursday,5-7 pm,8,6,2,0,0,0,20 minutes,"159 - Creating constructor, docstrings 149 - If-else statements and boolean conditions, HW3 (Steel)"
202055243,Completed,134.126.141.39,2/12/26 18:52,0,6433,1,,,,,,,,,US,VA,2/12/26,Thursday,7-9 pm,1,0,1,0,0,0,15-20 minutes,"159 - Field test issues, incorrect operator logic, format specifiers in String.format()"
202057228,Completed,2605:ad80:2f:a822:710b:d375:b327:6259,2/12/26 20:51,0,496,1,,,,,,,,,US,VA,2/12/26,Thursday,9-11 pm,0,0,0,0,0,0,no one here :(,NA
202127303,Completed,134.126.141.39,2/15/26 15:12,0,800,1,,,,,,,,,US,VA,2/15/26,Sunday,3-5 pm Sunday only,6,0,2,0,3,1,15 minutes or less,"261 student was getting segfaults and was having trouble printing to standard output, 240 was testing the assignment count for remove with resize and the counter was off either over 1 or under 2"
202128582,Completed,134.126.141.39,2/15/26 17:02,0,79,1,,,,,,,,,US,VA,2/15/26,Sunday,5-7 pm,4,0,0,0,4,0,Generally good amount of time 10-15 minutes,"240 - counting array assignments when resizing, how to run java via cmdline "
202130174,Completed,134.126.141.39,2/15/26 19:07,0,313,1,,,,,,,,,US,VA,2/15/26,Sunday,7-9 pm,3,0,3,0,0,0,Generally good amount of time 10-15 minutes,"159 - What are Enums, their uses, how to write them, enum methods based on enums"
202131259,Completed,2605:ad80:2f:a822:5c8a:bbc8:a7cb:676e,2/15/26 20:34,0,1527,1,,,,,,,,,US,VA,2/15/26,Sunday,9-11 pm,0,0,0,0,0,0,,
202161451,Completed,134.126.113.46,2/16/26 17:01,0,55,1,,,,,,,,,US,VA,2/16/26,Monday,5-7 pm,3,0,2,0,0,1,,
202163700,Completed,134.126.141.39,2/16/26 19:07,0,125,1,,,,,,,,,US,VA,2/16/26,Monday,7-9 pm,4,4,0,0,0,0,less than 15 minutes,"For 149 it was calling functions with f strings, defining functions, understanding function parameters, casting difference between floats and int, division (// vs /) and conversions all for the same student"
202195314,Completed,134.126.113.5,2/17/26 17:13,0,72,1,,,,,,,,,US,VA,2/17/26,Tuesday,5-7 pm,8,6,0,0,2,0,15-30minutes,"CS149 homeworks, docstrings, and cs240 list assignments"
202197014,Completed,134.126.113.52,2/17/26 18:56,0,538,1,,,,,,,,,US,VA,2/17/26,Tuesday,7-9 pm,11,8,0,0,0,3,30-40 mins,"149: printing issues, as well as understanding the difference between variables 261: printing as well as file io"
202228085,Completed,134.126.141.39,2/18/26 17:03,0,148,1,,,,,,,,,US,VA,2/18/26,Wednesday,5-7 pm,3,2,0,0,1,0,over 15 minutes,240 was asymptotic analysis and how to solve for c and n0 and 149 was trying to figure out phone number homework
202230969,Completed,134.126.113.9,2/18/26 19:07,0,293,1,,,,,,,,,US,VA,2/18/26,Wednesday,7-9 pm,4,2,1,0,1,0,too long (15 minutes or more),"149 was help on the phone number homework and trying to understand how to use modulo and integer division, 159 was dealing with uninitialized values being null, and 240 was practicing for a quiz, dealing with big O and creating runtime formulas based off code"
202232888,Completed,2605:ad80:2f:a822:c56d:a87d:b44:6976,2/18/26 21:04,0,51,1,,,,,,,,,US,VA,2/18/26,Wednesday,9-11 pm,1,0,1,0,0,0,30 mins,159: starting with the hw and understanding the specs
202261698,Completed,134.126.141.39,2/19/26 17:12,0,286,1,,,,,,,,,US,VA,2/19/26,Thursday,5-7 pm,10,4,6,0,0,0,20 minutes,"159 - HW 3 (string format specifier), documentation inconsistencies, JavaDoc issues + instructor issues for HW 3 149 - Understanding functions"
202263958,Completed,134.126.141.39,2/19/26 19:17,0,7179,1,,,,,,,,,US,VA,2/19/26,Thursday,7-9 pm,4,2,1,0,1,0,15-20 minutes,"149 - HW5: calling functions, accessing elements in an array, and indexing syntax 159 - Enumerations in Java, how to define their constants, and how the rest operator (...) works"
202265729,Completed,2605:ad80:2f:a822:6073:8e09:4ff4:82af,2/19/26 21:00,0,173,1,,,,,,,,,US,VA,2/19/26,Thursday,9-11 pm,4,0,2,0,0,2,"Generally a good amount of time, between 10-20 minutes ",159 - Javadoc and reading the specs(wrong function name) 261 - how to interpret structs as bytes 
202322104,Completed,134.126.141.39,2/22/26 14:56,0,1,1,,,,,,,,,US,VA,2/22/26,Sunday,3-5 pm Sunday only,1,1,0,0,0,0,~20 minutes,149 - codingbat exercise is_summer
202322957,Completed,134.126.141.39,2/22/26 16:37,0,1447,1,,,,,,,,,US,VA,2/22/26,Sunday,5-7 pm,3,1,1,0,0,0,149: ~15 - 20 minutes; 159: ~10 minutes,149: Conditional flow and most efficient/elegant code pointers & using modulus. 159: Using assertThrows and why it needs a lambda function.
202324378,Completed,134.126.141.39,2/22/26 19:09,0,432,1,,,,,,,,,US,VA,2/22/26,Sunday,7-9 pm,2,2,0,0,0,0,"bit longer than usually, 15-20 minutes",149 - tuples vs list differences(can still indexing but not modify). absolute value with tuples
202325284,Completed,73.216.161.95,2/22/26 21:00,0,16,1,,,,,,,,,US,VA,2/22/26,Sunday,9-11 pm,0,0,0,0,0,0,,
202352400,Completed,134.126.113.46,2/23/26 17:01,0,29,1,,,,,,,,,US,VA,2/23/26,Monday,5-7 pm,2,2,0,0,0,0,,
202354675,Completed,134.126.141.39,2/23/26 19:06,0,169,1,,,,,,,,,US,VA,2/23/26,Monday,7-9 pm,7,6,0,0,1,0,at least 15 minutes,"240 was help understanding the head and tail values in a LinkedDeque Object, 149 was lots of help with the sorting homework, debugging the adjust brightness function and quiz revie"
202356262,Completed,2a09:bac2:6ab4:a0::10:4ec,2/23/26 20:57,0,177,1,,,,,,,,,US,DC,2/23/26,Monday,9-11 pm,1,0,1,0,0,0,20 mins,159- private official tests and branch coverage
202384527,Completed,134.126.113.5,2/24/26 17:02,0,82,1,,,,,,,,,US,VA,2/24/26,Tuesday,5-7 pm,4,3,1,0,0,0,15-30minutes,"CS159 testing PA, CS149 Homework, variable scope for CS149"
202385913,Completed,134.126.141.39,2/24/26 19:03,0,185,1,,,,,,,,,US,VA,2/24/26,Tuesday,7-9 pm,4,10,2,0,1,0,~15 minutes,"149 - homework 5.3, 5.4, 5.5 159 - previous test review, package issues, JUnit 159 full folder for vscode LSP 240 - remove method LinkedDeque iterator"
202417441,Completed,134.126.141.39,2/25/26 17:00,0,125,1,,,,,,,,,US,VA,2/25/26,Wednesday,5-7 pm,2,2,0,0,0,0,the most was at least 30 minutes,149 was understanding the specifications an assignment and function definitions
202418994,Completed,134.126.141.39,2/25/26 19:02,0,7189,1,,,,,,,,,US,VA,2/25/26,Wednesday,7-9 pm,10,10,0,0,0,0,25 Minutes,"149 - Understanding homework, using logic branches properly, formatting docstring correctly, string literals in string formatters, reading the specs"
202420505,Completed,76.78.164.98,2/25/26 21:03,0,61,1,,,,,,,,,US,VA,2/25/26,Wednesday,9-11 pm,1,0,1,0,0,0,30 Minutes,159 - Running the debugger for a test class in VS Code
202450019,Completed,134.126.141.39,2/26/26 17:06,0,2,1,,,,,,,,,US,VA,2/26/26,Thursday,5-7 pm,9,1,8,0,0,0,30 Minutes,"149 - Understanding testing (heuristic vs random), understanding the mutually exclusivity of if-else branches 159 - Understanding how the 'in' operator for containers works, understanding testing (heuristic vs random) and how to write them, "
202451522,Completed,134.126.141.39,2/26/26 19:08,0,2994,1,,,,,,,,,US,VA,2/26/26,Thursday,7-9 pm,6,3,2,0,1,0,5-20 mins,"149 - Writing function definitions and using built-in functions, f-string confusion, understanding remove/pop array functions 159 - Types of unit tests, how to make unit tests, (heuristic esp.) 240 - removeFirstOccurrence/removeLastOccurrence"
202452982,Completed,134.126.113.46,2/26/26 21:17,0,1118,1,,,,,,,,,US,VA,2/26/26,Thursday,9-11 pm,0,0,0,0,0,0,na,na
202505211,Completed,134.126.141.39,3/1/26 14:55,0,7007,1,,,,,,,,,US,VA,3/1/26,Sunday,3-5 pm Sunday only,3,0,1,0,0,2,20-25mins,159: deep copy vs. shallow copy 261: Loading stuff from memory (load segment)
202506192,Completed,134.126.141.39,3/1/26 16:54,0,6683,1,,,,,,,,,US,VA,3/1/26,Sunday,5-7 pm,1,0,0,0,1,0,~30 minutes,240: Recursion lab with colored boxes
202507265,Completed,134.126.141.39,3/1/26 19:23,0,467,1,,,,,,,,,US,VA,3/1/26,Sunday,7-9 pm,3,0,2,0,0,1,"Longer than usually, 30-45 minutes but no one here beside them","159 - aliasing with String, stupid 261 - binary representations"
202508008,Completed,2a04:4e41:3205:9e35::a000:de35,3/1/26 20:56,0,220,1,,,,,,,,,US,MD,3/1/26,Sunday,9-11 pm,0,0,0,0,0,0,,
202534080,Completed,134.126.141.39,3/2/26 19:03,0,44,1,,,,,,,,,US,VA,3/2/26,Monday,7-9 pm,3,0,0,0,3,0,about 15 minutes,"240 was working with doubly linked lists, add and remove methods"
202568977,Completed,134.126.113.5,3/3/26 17:10,0,196,1,,,,,,,,,US,VA,3/3/26,Tuesday,5-7 pm,10,5,3,0,0,2,20 minutes,"CS149 - the homeworks (particularly while loops) CS 159 - also the homework/pa, whichever one has to do with phone numbers. Gradescope issues as always CS 261 - P2(?) - bitmasking and memory allocation (specifically for array of structs) "
202571424,Completed,134.126.113.125,3/3/26 19:01,0,694,1,,,,,,,,,US,VA,3/3/26,Tuesday,7-9 pm,9,4,1,0,1,3,30 mins,"149: little library homework as well as the spin wheel one, understanding how probabilities work 159: lab on isle, arraylists 240: hashmaps, vs hashsets and understanding when to use one over the other 261: understanding why loading segment is important before printing "
202605471,Completed,134.126.113.9,3/4/26 17:37,0,105,1,,,,,,,,,US,VA,3/4/26,Wednesday,5-7 pm,2,0,2,0,0,0,at most 30 minutes,159 was a gradescope error typo and understanding deep copy vs alias
202607259,Completed,134.126.113.9,3/4/26 19:13,0,175,1,,,,,,,,,US,VA,3/4/26,Wednesday,7-9 pm,6,1,4,0,1,0,a really long time like 15+ maybe,"159 was a lot with HW5, deep copies and alias and fixing gradescope issues. 149 was working with functions being called multiple times instead of once? 240 going over the practice quiz with the dequeue and analysis on it along with the operations. ew sorry for the run on sentence. 240 was also comparing the runtime between linked list and deque."
202608925,Completed,2605:ad80:2f:a1fd:f9e1:4f29:9589:14e1,3/4/26 21:03,0,17,1,,,,,,,,,US,VA,3/4/26,Wednesday,9-11 pm,0,0,0,0,0,0,,
202649437,Completed,134.126.141.39,3/5/26 17:10,0,6,1,,,,,,,,,US,VA,3/5/26,Thursday,5-7 pm,5,1,1,0,0,3, 30 minutes,"261 - Understanding invalid address accesses, loading in headers (PA2) 159 - Understanding deep copies vs aliases , toString() and setter issues 149 - Reading the documentation"
202651343,Completed,134.126.141.39,3/5/26 19:11,0,7230,1,,,,,,,,,US,VA,3/5/26,Thursday,7-9 pm,11,2,6,0,2,1,20-30 mins,"149 - Understanding how to use randint to calculate dice rolls + while loop confusions 159 - Deep copies VS shallow copies in HW5, how to do JUnit testing 240 - ArrayQueue, DynamicArrays VS LinkedLists 261 - Handling edge cases according to specs for P2"
202653216,Completed,134.126.113.46,3/5/26 21:14,0,34,1,,,,,,,,,US,VA,3/5/26,Thursday,9-11 pm,0,0,0,0,0,0,no one here :(,NA
202726682,Completed,134.126.141.39,3/8/26 14:00,0,281,1,,,,,,,,,US,VA,3/8/26,Sunday,3-5 pm Sunday only,1,2,0,0,0,1,~20 minutes,"149 - homework 6.2 (doing the whole thing), best practices for programming (str.capitalize vs. s[0].upper()) 261 - brief and full cli args conflicting (itests.include too...)"
202728636,Completed,134.126.141.39,3/8/26 16:03,0,200,1,,,,,,,,,US,VA,3/8/26,Sunday,5-7 pm,5,4,1,0,0,0,~20 minutes,"149: HW 6.3 how to get started, ended working through it. For loops and while loops. Debugging dice hw. HW 7 working through shift cipher. 159: Sample exam deep copies and constructors."
202730252,Completed,134.126.141.39,3/8/26 18:12,0,942,1,,,,,,,,,US,VA,3/8/26,Sunday,7-9 pm,3,3,0,0,0,0,"bit longer than usually, 15-20 minutes","149 - difference between list, set, dict and how to make them, shift cipher - wrap around + offset(97 == 'a'), print statements in while loop "
202731640,Completed,2605:ad80:2f:a822:b068:fa9b:9239:3f1f,3/8/26 20:02,0,15,1,,,,,,,,,US,VA,3/8/26,Sunday,9-11 pm,0,0,0,0,0,0,,
202760046,Completed,134.126.113.92,3/9/26 16:46,0,69,1,,,,,,,,,US,VA,3/9/26,Monday,5-7 pm,10,5,4,0,0,0,15-30mins,Memory Diagrams in 159
202762109,Started,134.126.113.9,3/9/26 18:06,0,431,1,,,,,,,,,US,VA,3/9/26,Monday,7-9 pm,6,5,1,0,0,0,at least 15 minutes ,"149 was working on some of homeworks, fixing gradescope errors, worked on quiz 3 review, while loop vs for loops, 7.2 homework with iterating through something while modifying it. 159 was reviewing the practice exam."
202764320,Completed,76.78.164.191,3/9/26 20:09,0,6244,1,,,,,,,,,US,VA,3/9/26,Monday,9-11 pm,3,1,2,0,0,0,20 minutes,"159 - Understanding the difference between shallow and deep copies, understanding JUnit Testing (assertEquals()) 149 - 149 homework 7.3 (choosing the right modulo value for the cipher) & 7.4 (car problem)"
202796908,Completed,134.126.113.125,3/10/26 17:58,0,147,1,,,,,,,,,US,VA,3/10/26,Tuesday,7-9 pm,4,3,0,0,1,0,30 mins,"149: for loops, helper functions 240: arraylists vs linkedlist quiz prep"
202832560,Completed,134.126.113.9,3/11/26 16:02,0,325,1,,,,,,,,,US,VA,3/11/26,Wednesday,5-7 pm,1,1,0,0,0,0,20 ish minutes,149 was going over while loops in the practice quiz
202836111,Completed,134.126.113.9,3/11/26 18:10,0,85,1,,,,,,,,,US,VA,3/11/26,Wednesday,7-9 pm,4,4,0,0,0,0,15 ish minutes ,"149 was helping with the car park homework, including indexing for the car park homework and the one about haikus and another 149 student came in for some help figuring out a practice problem from todays PASS session"
202838230,Completed,2605:ad80:2f:a822:4800:9732:9ac1:ce7f,3/11/26 20:02,0,12,1,,,,,,,,,US,VA,3/11/26,Wednesday,9-11 pm,0,0,0,0,0,0,,
202868720,Completed,134.126.141.39,3/12/26 16:03,0,6,1,,,,,,,,,US,VA,3/12/26,Thursday,5-7 pm,3,2,0,0,1,0,20-30 mins,"149 - Parking lot HW, looping lab 240 - Recurrence relations"
202871609,Completed,134.126.141.39,3/12/26 18:09,0,1,1,,,,,,,,,US,VA,3/12/26,Thursday,7-9 pm,2,1,0,0,1,0,"10 minutes, 65-75 minutes",149 - PyTest: handling test cases where an error gets raised 240 - Issues with a closed-form conversion problem
202874562,Completed,2605:ad80:2f:a822:9cd9:ad03:2fc2:64fc,3/12/26 20:17,0,1335,1,,,,,,,,,US,VA,3/12/26,Thursday,9-11 pm,0,0,0,0,0,0,no one here :(,Na
203217231,Completed,134.126.113.85,3/23/26 16:03,0,49,1,,,,,,,,,US,VA,3/23/26,Monday,5-7 pm,1,1,0,0,0,0,,149 - VSCode setup for the first PA
203221033,Completed,134.126.141.39,3/23/26 18:01,0,149,1,,,,,,,,,US,VA,3/23/26,Monday,7-9 pm,1,0,1,0,0,0,5 minutes,"The 159 student was having package trouble, they were not in their 159 folder in vscode"
203261862,Completed,134.126.113.115,3/24/26 18:00,0,109,1,,,,,,,,,US,VA,3/24/26,Tuesday,7-9 pm,2,1,0,0,1,0,40 mins,149: review for a quiz 240: debugging merge sort 
203299314,Completed,134.126.113.104,3/25/26 16:11,0,114,1,,,,,,,,,US,VA,3/25/26,Wednesday,5-7 pm,2,0,2,0,0,0,15 minutes,"159 was fixing some slight syntax issues with testing, and understanding inheritance between classes and implementing derived classes"
203310463,Completed,134.126.113.104,3/25/26 18:03,0,141,1,,,,,,,,,US,VA,3/25/26,Wednesday,7-9 pm,4,1,2,0,1,0,15-30 minutes,"149 was getting a random element from a list in python, 240 was working on the mergesorthalfspaced function, 159 was working on the most recent lab and the homework trying to understand constant payment loan class"
203312879,Completed,2605:ad80:2f:a822:a846:b09:a533:9706,3/25/26 20:02,0,67,1,,,,,,,,,US,VA,3/25/26,Wednesday,9-11 pm,1,0,1,0,0,0,40 mins,"159: Understanding PA, student was confused on how to access private attributes"
203344070,Completed,134.126.141.39,3/26/26 16:07,0,4,1,,,,,,,,,US,VA,3/26/26,Thursday,5-7 pm,12,3,9,0,0,0,25 minutes,"159 - Debugging Loan PA, Understanding Deep vs. Shallow copies, Testing Constant Payment Class and Loan Class, Math Formula Collection, Understanding the formulas 149 - Writing functions for Dice, Understanding Dice Class, Writing the RollDice method and understanding step 4 of the PA"
203346735,Completed,134.126.141.39,3/26/26 18:35,0,4,1,,,,,,,,,US,VA,3/26/26,Thursday,7-9 pm,14,7,5,0,2,0,30-45 mins,149 - dice.py (how to loop through something and syntax); edge-cases 159 - conceptual understanding of equations; representing math equations in Java and explaining them; wording of specs; writing test cases for LoanPortfolio 240 - mergeSort misunderstandings
203348434,Completed,134.126.113.107,3/26/26 20:29,0,173,1,,,,,,,,,US,VA,3/26/26,Thursday,9-11 pm,5,0,5,0,0,0,Longer than usually ~45 minutes ,"159 - how to write tests for class methods, calling class methods in a test case, calling overridable methods from a constructor, efficiently max and min of arraylists "
203415155,Completed,134.126.141.39,3/29/26 14:18,0,41,1,,,,,,,,,US,VA,3/29/26,Sunday,3-5 pm Sunday only,1,1,0,0,0,0,~20 min,149 - PA 1 part B calculate_score understanding
203416070,Completed,134.126.113.115,3/29/26 16:19,0,157,1,,,,,,,,,US,VA,3/29/26,Sunday,5-7 pm,1,1,0,0,0,0,~45 minutes (there was only 1 student),149: Working on function for TWO_PAIR and FULL_HOUSE and avoiding pitfalls/traps with it.
203416928,Completed,134.126.141.39,3/29/26 18:14,0,127,1,,,,,,,,,US,VA,3/29/26,Sunday,7-9 pm,5,5,0,0,0,0,"Longer than usually, 30-45 minutes but no one here beside them","149 - writing tests, conditional layout, function calls, import variable from another file, k-count of faces cases(2-kind, 3-d, etc.), simplifying code"
203418038,Completed,2605:ad80:2f:a822:f8b4:6479:29cf:2ff0,3/29/26 20:32,0,87,1,,,,,,,,,US,VA,3/29/26,Sunday,9-11 pm,2,2,0,0,0,0,30 MINS,"149: Understanding Dice specs, and issues with return values"
203451166,Completed,134.126.113.85,3/30/26 16:03,0,24,1,,,,,,,,,US,VA,3/30/26,Monday,5-7 pm,2,2,0,0,0,0,,
203452957,Completed,134.126.113.104,3/30/26 18:03,0,482,1,,,,,,,,,US,VA,3/30/26,Monday,7-9 pm,4,3,0,1,0,0,less than 15 minutes,"227 was covering composition of relations and the cardinality of cartesian products and the reasoning behind an inductive proof, 149 was confusion about importing methods, accessing variables from other files, breaking pa logic into helper methods, understanding score.py, calling function within functions"
203505137,Completed,134.126.113.69,3/31/26 16:14,0,71,1,,,,,,,,,US,VA,3/31/26,Tuesday,5-7 pm,5,5,0,0,0,0,20-40 minutes,CS149 PA in general
203507115,Completed,134.126.113.115,3/31/26 18:16,0,992,1,,,,,,,,,US,VA,3/31/26,Tuesday,7-9 pm,10,9,0,0,0,1,30 mins,"149: understanding/implementing dice pa, and lab issues with vscode 261: going through the lab"
203555749,Completed,146.75.223.219,4/1/26 16:49,0,91,1,,,,,,,,,US,VA,4/1/26,Wednesday,5-7 pm,4,3,0,0,0,1,The longest was 45 ish minutes ,"261 was help understanding fetch alongside the ISA, and 149 was help understanding one and two pair, understanding scope, and the quiz prep with while and for loops "
203557814,Completed,2a09:bac2:c5de:188c::272:104,4/1/26 18:31,0,79,1,,,,,,,,,US,VA,4/1/26,Wednesday,7-9 pm,10,5,0,5,0,0,More than 15 minutes ,"227 was logic of certain proofs, 149 was understanding logic of 2 pair, making sure pairs were stored correctly, and array indexing "
203559502,Completed,2605:ad80:2f:a822:e4c3:352d:f45:8a18,4/1/26 20:12,0,66,1,,,,,,,,,US,VA,4/1/26,Wednesday,9-11 pm,1,1,0,0,0,0,45 mins,149: dice pa figuring out when to use helpers and how to use them in the main function
203595009,Completed,134.126.141.39,4/2/26 16:08,0,698,1,,,,,,,,,US,VA,4/2/26,Thursday,5-7 pm,7,1,1,0,4,1,20 minutes to an hour,261 - Assembly code (y86) and learning how jumps 240 - Operator tree lab (understanding the recursion parts of the operator tree); Binary tree work (understanding code structure); Recurrence relations 149 - Small straight and large straight (for PA1) 159 - Understanding difference between Rectangular metric and Euclidean metric 
203596403,Completed,134.126.141.39,4/2/26 17:59,0,6387,1,,,,,,,,,US,VA,4/2/26,Thursday,7-9 pm,0,0,0,0,0,0,N/A,N/A
203598642,Completed,2605:ad80:2f:a822:190a:73a4:f34:4917,4/2/26 20:16,0,231,1,,,,,,,,,US,VA,4/2/26,Thursday,9-11 pm,0,0,0,0,0,0,no one here :(,
203664984,Completed,134.126.141.39,4/5/26 14:03,0,201,1,,,,,,,,,US,VA,4/5/26,Sunday,3-5 pm Sunday only,0,0,0,0,0,0,0 minutes,N/A
203665928,Completed,134.126.113.104,4/5/26 16:01,0,30,1,,,,,,,,,US,VA,4/5/26,Sunday,5-7 pm,0,0,0,0,0,0,0 minutes,n/a
203668060,Completed,134.126.141.39,4/5/26 18:52,0,136,1,,,,,,,,,US,VA,4/5/26,Sunday,7-9 pm,2,0,0,2,0,0,"Longer than usually, 30-45 minutes but no one here beside them","227 - weak vs strong induction proofs, what is and how to do strong inductive proof, 'math tricks' - adding extra terms to an inequality like (3 = 0, then (3<= 7+x) "
203668974,Completed,2605:ad80:2f:a822:5019:1f5f:fb6a:cd00,4/5/26 20:00,0,402,1,,,,,,,,,US,VA,4/5/26,Sunday,9-11 pm,0,0,0,0,0,0,,
203710196,Completed,134.126.113.39,4/6/26 16:09,0,110,1,,,,,,,,,US,VA,4/6/26,Monday,5-7 pm,8,0,3,2,0,3,,159 students don't understand what swap is meant to do.
203713831,Completed,134.126.141.39,4/6/26 18:06,0,323,1,,,,,,,,,US,VA,4/6/26,Monday,7-9 pm,3,1,1,0,0,1,15 ish or so minutes,"159 was debugging the split method for PA 2, 261 was using sizeof() of a pointer vs sizeof() what the pointer is pointing to, 149 opening a file a manipulating the data (splitting the string and working with the results)"
203716926,Completed,2a04:4e41:3319:29d::d619:29d,4/6/26 20:00,0,18,1,,,,,,,,,US,VA,4/6/26,Monday,9-11 pm,0,0,0,0,0,0,,
203772191,Completed,134.126.113.69,4/7/26 16:08,0,134,1,,,,,,,,,US,VA,4/7/26,Tuesday,5-7 pm,5,2,1,0,0,2,20 minutes,"CS 159 PA, CS 149 PA 2 and ruff format questions, CS 261 P3 questions."
203776225,Completed,134.126.113.115,4/7/26 18:01,0,104,1,,,,,,,,,US,VA,4/7/26,Tuesday,7-9 pm,6,0,4,0,0,2,30 mins,"159: color pa question with how to average colors, and testing 261: A level of PA3 understanding ro data"
203821719,Completed,134.126.113.104,4/8/26 16:19,0,608,1,,,,,,,,,US,VA,4/8/26,Wednesday,5-7 pm,2,0,1,0,0,1,15 ish minutes ,261 was help printing memory for disassemble data and 159 was help on the pa with polymorphism
203824573,Completed,134.126.113.104,4/8/26 17:57,0,38,1,,,,,,,,,US,VA,4/8/26,Wednesday,7-9 pm,7,4,1,0,1,1,longest was 20 minutes,"240 was help understanding implementation and just how quicksort and insertion sort worked, 159 was help with junit and understand this, 261 was help with operator precedence, 149 clarifying the format of the data for the read game data function, understanding the specifications, and both coding and writing sections for the practice quiz that included string and file manipulation"
203875373,Completed,134.126.141.39,4/9/26 16:47,0,10,1,,,,,,,,,US,VA,4/9/26,Thursday,5-7 pm,10,1,8,0,0,1,40 Minutes,"149 - PA2 7 little words (reading the specs, reading in a file line by line, splitting lines) 159 - Testing and gradescope errors 261 - Understanding hex dump and printing Read-Only string constants along with hex the dump "
203879180,Completed,134.126.141.39,4/9/26 18:35,0,6456,1,,,,,,,,,US,VA,4/9/26,Thursday,7-9 pm,19,1,18,0,0,0,15-40 mins,149 - Forgot splicing for one list 159 - split() and getSample() and how to test for exceptions (assertThrows)
203883624,Completed,134.126.113.107,4/9/26 21:03,0,552,1,,,,,,,,,US,VA,4/9/26,Thursday,9-11 pm,11,3,8,0,0,0,"a bit longer than usually 30-45 minutes, had lots of weird errors","149 - files, get '\' to just be '\' in a string instead of being the escape sequence 159 - Lots of questions and confusion on PA2, especially with testing, how to create a test case to hit a particular edge case, depending on random inputs from an image(aka how to create an image that will hit a certain case), general confusion between splitter and sampler, and general (supposedly) last-minute updates of the specs. "
203967638,Completed,134.126.141.39,4/12/26 14:00,0,1,1,,,,,,,,,US,VA,4/12/26,Sunday,3-5 pm Sunday only,0,0,0,0,0,0,0 minutes,N/A
203968597,Completed,134.126.141.39,4/12/26 15:54,0,46,1,,,,,,,,,US,VA,4/12/26,Sunday,5-7 pm,0,0,0,0,0,0,No time,Nothing
203969967,Completed,134.126.141.39,4/12/26 18:16,0,1186,1,,,,,,,,,US,VA,4/12/26,Sunday,7-9 pm,0,0,0,0,0,0,no one here,NA
203971313,Completed,2605:ad80:2f:a822:c9d8:4e42:601d:5b9e,4/12/26 20:03,0,11,1,,,,,,,,,US,VA,4/12/26,Sunday,9-11 pm,0,0,0,0,0,0,,
204009477,Completed,134.126.113.39,4/13/26 16:04,0,27,1,,,,,,,,,US,VA,4/13/26,Monday,5-7 pm,4,0,1,0,3,0,,
204013314,Completed,134.126.141.39,4/13/26 18:16,0,179,1,,,,,,,,,US,VA,4/13/26,Monday,7-9 pm,8,7,0,0,1,0,20 ish minutes,"240 was bst homework, working with the min and max key, 149 was array splicing, comparing indexes to lengths, explaining the method from the pa that has to do with splicing, working with the terminal in thonny, debugging/testing the function in the pa that works with the terminal, helping with the clues function"
204058940,Completed,134.126.113.69,4/14/26 16:02,0,137,1,,,,,,,,,US,VA,4/14/26,Tuesday,5-7 pm,6,5,1,0,0,0,20 minutes,"149 PA, 159 PA, 149 quizzes"
204064126,Completed,134.126.141.39,4/14/26 18:07,0,6490,1,,,,,,,,,US,VA,4/14/26,Tuesday,7-9 pm,6,6,0,0,0,0,40 mins,"149: 7 little words pa, specifically testing (how to test efficiently and expected == actual), and also the board to string function. Students mainly had issues breaking down that function, how to start it, and how to go about thinking of implementing it. Studying for the quiz: string methods of python and how to use each for solving problems. "
204067277,Completed,2605:ad80:2f:a822:7d4e:9d:de49:99b,4/14/26 20:03,0,182,1,,,,,,,,,US,VA,4/14/26,Tuesday,9-11 pm,2,1,1,0,0,0,longest was 40 minutes,"159 was going over some of the sample exam problems, 149 was help with formatting the out for the board_to_string() in PA2"
204108955,Completed,134.126.113.104,4/15/26 16:15,0,21,1,,,,,,,,,US,VA,4/15/26,Wednesday,5-7 pm,0,0,0,0,0,0,0,n/a
204111513,Completed,134.126.113.104,4/15/26 18:00,0,301,1,,,,,,,,,US,VA,4/15/26,Wednesday,7-9 pm,3,3,0,0,0,0,at least 20 minutes,"149 was working the the pa, fixing formatting for the board to string function, dealing with printing vs prompting and adding additional text to those prompts"
204113656,Completed,2605:ad80:2f:a822:b0cf:e70b:3cb9:9676,4/15/26 19:56,0,638,1,,,,,,,,,US,VA,4/15/26,Wednesday,9-11 pm,0,0,0,0,0,0,,
204152897,Completed,134.126.141.39,4/16/26 16:28,0,5,1,,,,,,,,,US,VA,4/16/26,Thursday,5-7 pm,2,1,0,0,1,0,20 minutes,149 - Printing vs prompting PA2 240 - Understanding BST functions for quiz
204155487,Completed,134.126.141.39,4/16/26 18:06,0,5915,1,,,,,,,,,US,VA,4/16/26,Thursday,7-9 pm,5,2,0,1,2,0,5-15 mins,"149 - Methodology for unit tests (creating one, function tests, expected values) 227 - Finding a base case for a recursive relationship, 240 - Using BST for finding most frequent words"
204158009,Completed,2605:ad80:2f:a822:902e:f397:e4ad:47b5,4/16/26 20:15,0,1076,1,,,,,,,,,US,VA,4/16/26,Thursday,9-11 pm,0,0,0,0,0,0,no one here :(,na
204233725,Completed,134.126.141.39,4/19/26 13:59,0,1873,1,,,,,,,,,US,VA,4/19/26,Sunday,3-5 pm Sunday only,0,0,0,0,0,0,0 minutes,N/A
204235098,Completed,134.126.141.39,4/19/26 15:59,0,49,1,,,,,,,,,US,VA,4/19/26,Sunday,5-7 pm,0,0,0,0,0,0,N/A,N/A
204236532,Completed,134.126.141.39,4/19/26 18:14,0,41,1,,,,,,,,,US,VA,4/19/26,Sunday,7-9 pm,0,0,0,0,0,0,no one here,NA
204237836,Completed,2605:ad80:2f:a822:a4da:26c:8d02:6351,4/19/26 19:56,0,197,1,,,,,,,,,US,VA,4/19/26,Sunday,9-11 pm,0,0,0,0,0,0,,
204267141,Completed,134.126.113.124,4/20/26 16:10,0,42,1,,,,,,,,,US,VA,4/20/26,Monday,5-7 pm,6,1,0,4,1,0,,
204270763,Completed,134.126.113.104,4/20/26 18:06,0,253,1,,,,,,,,,US,VA,4/20/26,Monday,7-9 pm,4,1,0,2,1,0,about 15 minutes,"240 was a testing issue, there might be an issue in the given zip file that clashes with the updated junit extension, 227 was recursion (nested functions), 149 was some tips for preparing for their i/o quiz"
204305249,Completed,134.126.113.69,4/21/26 16:04,0,92,1,,,,,,,,,US,VA,4/21/26,Tuesday,5-7 pm,2,1,1,0,0,0,10 minutes,CS 149 PA Assertions and CS 159 VS code setup issues. 
204309842,Completed,134.126.113.115,4/21/26 18:05,0,145,1,,,,,,,,,US,VA,4/21/26,Tuesday,7-9 pm,5,2,3,0,0,0,30 mins,"149: issues with 7 little words PA, the specs aren't specific about students using print vs input 159: designing classes for PA 4"
204348517,Completed,134.126.113.104,4/22/26 16:01,0,62,1,,,,,,,,,US,VA,4/22/26,Wednesday,5-7 pm,0,0,0,0,0,0,0,n/a
204355825,Completed,134.126.113.104,4/22/26 18:00,0,67,1,,,,,,,,,US,VA,4/22/26,Wednesday,7-9 pm,0,0,0,0,0,0,0,n/a
204359190,Completed,2605:ad80:2f:a822:15c3:c360:3d30:1d5b,4/22/26 20:05,0,16,1,,,,,,,,,US,VA,4/22/26,Wednesday,9-11 pm,0,0,0,0,0,0,,
204397329,Completed,134.126.141.39,4/23/26 16:28,0,3,1,,,,,,,,,US,VA,4/23/26,Thursday,5-7 pm,5,2,0,0,0,3,20-30 mins,149 - PA3 Assert statements; de-referencing json files and importing test files 261 - Going over y86 specifications and semantics 
204399598,Completed,134.126.113.104,4/23/26 17:58,0,234,1,,,,,,,,,US,VA,4/23/26,Thursday,7-9 pm,6,4,0,0,1,1,at least 15 minutes ,"261 was working on p4 with decode and execute and using proper arithmetic with the flags, 240 was explaining AVL trees, and 149 was help with understanding how to test with no written code, understanding the specs, making test cases, how to read a JSON file, understanding the load_json method, and understanding the proper structure for the PA vs the JSON structure "
204402680,Completed,2605:ad80:2f:a822:bdc2:7a7d:3ff0:3d2,4/23/26 20:18,0,1731,1,,,,,,,,,US,VA,4/23/26,Thursday,9-11 pm,1,1,0,0,0,0,"Generally a good amount of time, between 10-20 minutes ",149 - PA 3 - understand PA3 structure and instructions 
204469464,Completed,134.126.141.39,4/26/26 13:59,0,5307,1,,,,,,,,,US,VA,4/26/26,Sunday,3-5 pm Sunday only,3,0,4,0,0,0,~20 minutes,159 - PA 4 testing
204470615,Completed,134.126.141.39,4/26/26 15:55,0,6816,1,,,,,,,,,US,VA,4/26/26,Sunday,5-7 pm,5,1,4,0,0,0,~15 minutes,"149: Reading the JSON files and testing them for PA3. 159: Testing for null inputs (on reference types), when is testing 'good enough,' tips for validating work before submitting to gradescope."
204472181,Completed,134.126.141.39,4/26/26 18:28,0,204,1,,,,,,,,,US,VA,4/26/26,Sunday,7-9 pm,5,4,0,0,1,0,Generally good amount of time 10-15 minutes,"149 - writing tests, JSON to python, concept question about the project 240 - hashing dictionary?, resize function"
204473202,Completed,2605:ad80:2f:a1fd:cd99:1804:b6d7:4dc3,4/26/26 20:00,0,13,1,,,,,,,,,US,VA,4/26/26,Sunday,9-11 pm,0,0,0,0,0,0,,
204509763,Completed,134.126.113.83,4/27/26 16:12,0,68,1,,,,,,,,,US,VA,4/27/26,Monday,5-7 pm,2,0,2,0,0,0,,
204512918,Completed,134.126.113.104,4/27/26 18:25,0,396,1,,,,,,,,,US,VA,4/27/26,Monday,7-9 pm,5,2,3,0,0,0,around 15 minutes,"149 was understanding how to test json files for quizzes and going over recursion, trying to fix gradescope issues for the PA, 159 was understanding how to breakup the get_actors_by_genre in the PA, understanding which data structures would be suitable for the PA, designing helper functions and classes and how to use them throughout the PA"
204558991,Completed,134.126.113.115,4/28/26 18:04,0,58,1,,,,,,,,,US,VA,4/28/26,Tuesday,7-9 pm,5,3,0,0,0,2,30 mins,"149: quiz review, PA recursive logic 261: working on main code "
204611252,Completed,134.126.113.104,4/29/26 16:26,0,319,1,,,,,,,,,US,VA,4/29/26,Wednesday,5-7 pm,5,4,0,0,0,1,up to at least 30 minutes,"149 was review for quiz 6, recursion and nested structures, and dictionaries, 261 was working on p4 with flags and checking the conditions for add and sub"
204613636,Completed,134.126.113.104,4/29/26 18:02,0,201,1,,,,,,,,,US,VA,4/29/26,Wednesday,7-9 pm,6,1,2,2,0,1,at least 30 minutes,"261 was working on p4 and fixing some formatting issues, 227 was working on induction proofs and figuring out how to figure out closed form solutions, 159 was parsing tsv and indexing in nested arrays"
204616436,Completed,2605:ad80:2f:a822:71c4:19c0:fc46:d94b,4/29/26 20:20,0,22,1,,,,,,,,,US,VA,4/29/26,Wednesday,9-11 pm,0,0,0,0,0,0,,
204653039,Completed,134.126.141.39,4/30/26 16:11,0,4,1,,,,,,,,,US,VA,4/30/26,Thursday,5-7 pm,4,2,1,0,0,1,30 minutes,"149 - Schedule_utils needed code guidance 159 - PA 4, gradescope timeout errors and ordering errors "
204657388,Completed,134.126.141.39,4/30/26 18:18,0,292,1,,,,,,,,,US,VA,4/30/26,Thursday,7-9 pm,10,2,5,0,0,3,Generally good amount of time 10-15 minutes,"149 - function vs methods 159 - PA4, understanding specs and how to make data structures decision, how to make decision about classes to used to store information 261 - iotrap, strin to memory, strings versus chars, saving between function calls"
204660728,Completed,134.126.141.39,4/30/26 20:16,0,105,1,,,,,,,,,US,VA,4/30/26,Thursday,9-11 pm,2,1,0,0,0,1,Generally good amount of time 10-15 minutes,"159 - Testing code, and writing efficient code(using a set instead of a list when doing a bunch of .contains()) 261 - iotrap edge cases "
204723084,Completed,134.126.141.39,5/3/26 14:48,0,3,1,,,,,,,,,US,VA,5/3/26,Sunday,3-5 pm Sunday only,1,0,1,0,0,0,30 minutes,CS 159 - Last PA needed help with hashing
204723936,Completed,134.126.113.115,5/3/26 16:03,0,95,1,,,,,,,,,US,VA,5/3/26,Sunday,5-7 pm,1,0,0,0,1,0,~1hr 30min,"240: Correct way of resizing in put method (using the old array's length * 2 instead of the starting array's size * 2, resetting size when resizing), iterator .hasNext and .next."
204725334,Completed,134.126.141.39,5/3/26 18:04,0,57,1,,,,,,,,,US,VA,5/3/26,Sunday,7-9 pm,0,0,0,0,0,0,no one here,na
204726794,Completed,2605:ad80:2f:a1fd:9d3e:b9e:804:da26,5/3/26 20:05,0,15,1,,,,,,,,,US,VA,5/3/26,Sunday,9-11 pm,0,0,0,0,0,0,,
204757373,Completed,134.126.113.83,5/4/26 16:08,0,47,1,,,,,,,,,US,VA,5/4/26,Monday,5-7 pm,5,2,3,0,0,0,,
204760252,Completed,134.126.113.104,5/4/26 18:06,0,330,1,,,,,,,,,US,VA,5/4/26,Monday,7-9 pm,2,0,2,0,0,0,over 30 minutes,"159 was working on recursion for the sample exam and how to break it down, 159 PA4 introduced a new problem with choosing collections that run within the allotted timeframe for a larger dataset (which required thinking of more optimized solutions and strategically choosing the appropriate collections/data structures)"
204791220,Completed,134.126.113.69,5/5/26 16:10,0,36,1,,,,,,,,,US,VA,5/5/26,Tuesday,5-7 pm,1,0,1,0,0,0,15 minutes,CS 159 PA4 testing
204794240,Completed,134.126.113.115,5/5/26 18:02,0,729,1,,,,,,,,,US,VA,5/5/26,Tuesday,7-9 pm,9,0,9,0,0,0,30 mins,"159: File IO pa, students need help designing their solution, how they stored actors, shows and genres"